350200570;B00714A;2024-10-05 01:00;8.0
349210670;B00714A;2024-10-02 07:00;8.0
349200660;B00714A;2024-10-02 10:00;9.0
350220580;B00714A;2024-10-02 10:00;8.0
350220580;B00714A;2024-10-07 03:00;7.0
349190650;B00714A;2024-10-02 03:00;12.0
349190650;B00714A;2024-10-02 04:00;19.0
349190650;B00714A;2024-10-02 05:00;17.0
349190650;B00714A;2024-10-02 06:00;21.0
349190650;B00714A;2024-10-02 07:00;23.0
349190650;B00714A;2024-10-02 08:00;27.0
349190650;B00714A;2024-10-02 09:00;20.0
349190650;B00714A;2024-10-02 10:00;23.0
349190650;B00714A;2024-10-02 11:00;23.0
349190650;B00714A;2024-10-02 12:00;21.0
349190650;B00714A;2024-10-02 13:00;18.0
349190650;B00714A;2024-10-02 14:00;16.0
349190650;B00714A;2024-10-02 15:00;17.0
349190650;B00714A;2024-10-02 19:00;16.0
349190650;B00714A;2024-10-02 20:00;11.0
349190650;B00714A;2024-10-07 01:00;13.0
351220495;B00714A;2024-10-02 11:00;14.0
351220495;B00714A;2024-10-02 12:00;9.0
351220495;B00714A;2024-10-04 09:00;25.0
351220495;B00714A;2024-10-04 23:00;7.0
351220495;B00714A;2024-10-05 08:00;7.0
351220495;B00714A;2024-10-05 11:00;8.0
352230399;B00714A;2024-10-01 06:00;8.0
352230399;B00714A;2024-10-05 14:00;8.0
353150210;B00714A;2024-10-04 15:00;9.0
354190160;B00714A;2024-10-03 06:00;10.0
354180135;B00714A;2024-10-03 04:00;13.0
354180135;B00714A;2024-10-03 06:00;11.0
354180135;B00714A;2024-10-03 07:00;11.0
354180135;B00714A;2024-10-03 08:00;11.0
354180135;B00714A;2024-10-03 09:00;11.0
354180135;B00714A;2024-10-03 15:00;10.0
354180135;B00714A;2024-10-04 07:00;9.0
354150100;B00714A;2024-10-01 03:00;8.0
354150100;B00714A;2024-10-01 05:00;8.0
354150100;B00714A;2024-10-01 10:00;13.0
354150100;B00714A;2024-10-01 11:00;11.0
354150100;B00714A;2024-10-01 13:00;10.0
354150100;B00714A;2024-10-01 21:00;9.0
354170120;B00714A;2024-10-03 13:00;10.0
353140200;B00714A;2024-10-01 00:00;8.0
353140200;B00714A;2024-10-01 01:00;9.0
353140200;B00714A;2024-10-01 02:00;9.0
353140200;B00714A;2024-10-01 12:00;10.0
350190550;B00714A;2024-10-05 00:00;8.0
353210280;B00714A;2024-10-02 15:00;20.0
353210280;B00714A;2024-10-03 02:00;7.0
353210280;B00714A;2024-10-03 04:00;7.0
349190600;B00714A;2024-10-04 23:00;9.0
350170530;B00714A;2024-10-03 03:00;8.0
350170530;B00714A;2024-10-03 11:00;8.0
349190625;B00714A;2024-10-02 10:00;9.0
349190625;B00714A;2024-10-02 11:00;9.0
349190625;B00714A;2024-10-02 12:00;11.0
351160418;B00714A;2024-10-01 09:00;9.0
351160418;B00714A;2024-10-01 10:00;9.0
350150510;B00714A;2024-10-01 09:00;18.0
350150510;B00714A;2024-10-01 10:00;20.0
350150510;B00714A;2024-10-01 11:00;15.0
350150510;B00714A;2024-10-01 12:00;17.0
350150510;B00714A;2024-10-01 14:00;13.0
350150510;B00714A;2024-10-01 15:00;21.0
350150510;B00714A;2024-10-01 17:00;11.0
350150510;B00714A;2024-10-01 21:00;12.0
350150510;B00714A;2024-10-01 23:00;10.0
350150510;B00714A;2024-10-07 01:00;16.0
351150400;B00714A;2024-10-03 13:00;9.0
354180155;B00714A;2024-10-03 04:00;10.0
349200628;B00714A;2024-10-02 03:00;9.0
349200628;B00714A;2024-10-02 04:00;15.0
349200628;B00714A;2024-10-02 05:00;11.0
349200628;B00714A;2024-10-02 06:00;18.0
349200628;B00714A;2024-10-02 07:00;15.0
349200628;B00714A;2024-10-02 08:00;21.0
349200628;B00714A;2024-10-02 09:00;17.0
349200628;B00714A;2024-10-02 10:00;18.0
349200628;B00714A;2024-10-02 11:00;14.0
349200628;B00714A;2024-10-02 12:00;16.0
349200628;B00714A;2024-10-02 13:00;11.0
349200628;B00714A;2024-10-02 14:00;16.0
349200628;B00714A;2024-10-02 17:00;10.0
349200628;B00714A;2024-10-02 19:00;12.0
350200570;B00714A;2024-10-10 16:00;8.0
349210670;B00714A;2024-10-07 18:00;10.0
349210670;B00714A;2024-10-07 19:00;10.0
349210670;B00714A;2024-10-08 08:00;11.0
349210670;B00714A;2024-10-08 09:00;12.0
349210670;B00714A;2024-10-08 10:00;10.0
349210670;B00714A;2024-10-08 11:00;14.0
349210670;B00714A;2024-10-08 12:00;9.0
349210670;B00714A;2024-10-08 13:00;11.0
349210670;B00714A;2024-10-08 14:00;13.0
349210670;B00714A;2024-10-08 15:00;11.0
349210670;B00714A;2024-10-08 17:00;11.0
349210670;B00714A;2024-10-08 18:00;12.0
349210670;B00714A;2024-10-08 19:00;12.0
349210670;B00714A;2024-10-08 20:00;15.0
349210670;B00714A;2024-10-08 21:00;12.0
349210670;B00714A;2024-10-08 22:00;16.0
349210670;B00714A;2024-10-08 23:00;9.0
349210670;B00714A;2024-10-09 03:00;9.0
349210670;B00714A;2024-10-09 04:00;12.0
349210670;B00714A;2024-10-09 05:00;8.0
349210670;B00714A;2024-10-09 06:00;11.0
349210670;B00714A;2024-10-09 07:00;10.0
349210670;B00714A;2024-10-09 09:00;9.0
349210670;B00714A;2024-10-09 13:00;11.0
349210670;B00714A;2024-10-09 14:00;9.0
349210670;B00714A;2024-10-09 16:00;11.0
349210670;B00714A;2024-10-09 20:00;11.0
349210670;B00714A;2024-10-10 02:00;10.0
349210670;B00714A;2024-10-10 03:00;10.0
349210670;B00714A;2024-10-10 04:00;10.0
349210670;B00714A;2024-10-10 05:00;11.0
349210670;B00714A;2024-10-10 06:00;12.0
349210670;B00714A;2024-10-10 07:00;13.0
349210670;B00714A;2024-10-10 08:00;15.0
349210670;B00714A;2024-10-10 09:00;13.0
349210670;B00714A;2024-10-10 10:00;13.0
349210670;B00714A;2024-10-10 11:00;14.0
349210670;B00714A;2024-10-10 12:00;17.0
349210670;B00714A;2024-10-10 13:00;13.0
349210670;B00714A;2024-10-10 14:00;13.0
349210670;B00714A;2024-10-10 15:00;11.0
349210670;B00714A;2024-10-13 09:00;13.0
349220690;B00714A;2024-10-07 23:00;10.0
349220690;B00714A;2024-10-08 01:00;12.0
349220690;B00714A;2024-10-08 03:00;11.0
349220690;B00714A;2024-10-08 08:00;11.0
349220690;B00714A;2024-10-08 09:00;10.0
349220690;B00714A;2024-10-08 10:00;12.0
349220690;B00714A;2024-10-08 11:00;12.0
349220690;B00714A;2024-10-08 12:00;12.0
349220690;B00714A;2024-10-08 13:00;10.0
349220690;B00714A;2024-10-08 14:00;11.0
349220690;B00714A;2024-10-09 18:00;10.0
349220690;B00714A;2024-10-10 00:00;9.0
349220690;B00714A;2024-10-10 01:00;10.0
349220690;B00714A;2024-10-10 03:00;8.0
349220690;B00714A;2024-10-10 04:00;15.0
349220690;B00714A;2024-10-10 05:00;11.0
349220690;B00714A;2024-10-10 06:00;11.0
349220690;B00714A;2024-10-10 07:00;14.0
349220690;B00714A;2024-10-10 08:00;10.0
349220690;B00714A;2024-10-10 09:00;14.0
349220690;B00714A;2024-10-10 10:00;13.0
349220690;B00714A;2024-10-10 11:00;17.0
349220690;B00714A;2024-10-10 12:00;17.0
349220690;B00714A;2024-10-10 13:00;13.0
349220690;B00714A;2024-10-10 14:00;13.0
349220690;B00714A;2024-10-10 15:00;11.0
349220690;B00714A;2024-10-11 12:00;11.0
349220690;B00714A;2024-10-13 08:00;12.0
349220690;B00714A;2024-10-13 09:00;13.0
349200660;B00714A;2024-10-08 10:00;11.0
349200660;B00714A;2024-10-08 11:00;15.0
349200660;B00714A;2024-10-08 12:00;12.0
349200660;B00714A;2024-10-08 13:00;10.0
349200660;B00714A;2024-10-08 14:00;12.0
349200660;B00714A;2024-10-08 18:00;11.0
349200660;B00714A;2024-10-08 19:00;12.0
349200660;B00714A;2024-10-08 20:00;10.0
349200660;B00714A;2024-10-08 21:00;12.0
349200660;B00714A;2024-10-08 22:00;11.0
349200660;B00714A;2024-10-09 01:00;10.0
349200660;B00714A;2024-10-09 03:00;10.0
349200660;B00714A;2024-10-09 11:00;9.0
349200660;B00714A;2024-10-10 01:00;11.0
349200660;B00714A;2024-10-10 03:00;9.0
349200660;B00714A;2024-10-10 04:00;9.0
349200660;B00714A;2024-10-10 05:00;9.0
349200660;B00714A;2024-10-10 06:00;12.0
349200660;B00714A;2024-10-10 07:00;11.0
349200660;B00714A;2024-10-10 08:00;12.0
349200660;B00714A;2024-10-10 09:00;11.0
349200660;B00714A;2024-10-10 10:00;11.0
349200660;B00714A;2024-10-10 11:00;13.0
349200660;B00714A;2024-10-10 12:00;10.0
349200660;B00714A;2024-10-10 13:00;9.0
350220580;B00714A;2024-10-08 09:00;15.0
350220580;B00714A;2024-10-08 10:00;13.0
350220580;B00714A;2024-10-08 11:00;15.0
350220580;B00714A;2024-10-08 12:00;13.0
350220580;B00714A;2024-10-08 13:00;14.0
350220580;B00714A;2024-10-08 14:00;12.0
350220580;B00714A;2024-10-08 15:00;11.0
350220580;B00714A;2024-10-08 16:00;9.0
350220580;B00714A;2024-10-09 09:00;10.0
350220580;B00714A;2024-10-09 15:00;10.0
350220580;B00714A;2024-10-09 17:00;9.0
350220580;B00714A;2024-10-10 07:00;10.0
350220580;B00714A;2024-10-10 08:00;15.0
350220580;B00714A;2024-10-10 09:00;15.0
350220580;B00714A;2024-10-10 10:00;15.0
350220580;B00714A;2024-10-10 11:00;14.0
350220580;B00714A;2024-10-10 12:00;14.0
350220580;B00714A;2024-10-10 13:00;16.0
350210585;B00714A;2024-10-11 10:00;9.0
350200575;B00714A;2024-10-08 08:00;8.0
350200575;B00714A;2024-10-08 12:00;10.0
350200575;B00714A;2024-10-08 16:00;10.0
349190650;B00714A;2024-10-07 10:00;13.0
349190650;B00714A;2024-10-07 13:00;13.0
349190650;B00714A;2024-10-07 17:00;14.0
349190650;B00714A;2024-10-08 09:00;16.0
349190650;B00714A;2024-10-08 10:00;20.0
349190650;B00714A;2024-10-08 11:00;22.0
349190650;B00714A;2024-10-08 12:00;22.0
349190650;B00714A;2024-10-08 13:00;19.0
349190650;B00714A;2024-10-08 14:00;22.0
349190650;B00714A;2024-10-08 15:00;24.0
349190650;B00714A;2024-10-08 16:00;27.0
349190650;B00714A;2024-10-08 17:00;26.0
349190650;B00714A;2024-10-08 18:00;34.0
349190650;B00714A;2024-10-08 19:00;29.0
349190650;B00714A;2024-10-08 20:00;31.0
349190650;B00714A;2024-10-08 21:00;30.0
349190650;B00714A;2024-10-08 22:00;30.0
349190650;B00714A;2024-10-08 23:00;31.0
349190650;B00714A;2024-10-09 00:00;30.0
349190650;B00714A;2024-10-09 01:00;34.0
349190650;B00714A;2024-10-09 02:00;30.0
349190650;B00714A;2024-10-09 03:00;31.0
349190650;B00714A;2024-10-09 04:00;32.0
349190650;B00714A;2024-10-09 05:00;24.0
349190650;B00714A;2024-10-09 06:00;26.0
349190650;B00714A;2024-10-09 07:00;18.0
349190650;B00714A;2024-10-09 08:00;24.0
349190650;B00714A;2024-10-09 09:00;23.0
349190650;B00714A;2024-10-09 10:00;19.0
349190650;B00714A;2024-10-09 11:00;17.0
349190650;B00714A;2024-10-09 12:00;15.0
349190650;B00714A;2024-10-09 13:00;16.0
349190650;B00714A;2024-10-09 14:00;17.0
349190650;B00714A;2024-10-09 15:00;18.0
349190650;B00714A;2024-10-09 16:00;15.0
349190650;B00714A;2024-10-09 17:00;19.0
349190650;B00714A;2024-10-09 18:00;24.0
349190650;B00714A;2024-10-09 19:00;25.0
349190650;B00714A;2024-10-09 20:00;30.0
349190650;B00714A;2024-10-09 21:00;29.0
349190650;B00714A;2024-10-09 22:00;30.0
349190650;B00714A;2024-10-09 23:00;28.0
349190650;B00714A;2024-10-10 00:00;25.0
349190650;B00714A;2024-10-10 01:00;28.0
349190650;B00714A;2024-10-10 02:00;27.0
349190650;B00714A;2024-10-10 03:00;29.0
349190650;B00714A;2024-10-10 04:00;27.0
349190650;B00714A;2024-10-10 05:00;32.0
349190650;B00714A;2024-10-10 06:00;27.0
349190650;B00714A;2024-10-10 07:00;27.0
349190650;B00714A;2024-10-10 08:00;26.0
349190650;B00714A;2024-10-10 09:00;22.0
349190650;B00714A;2024-10-11 09:00;11.0
349190650;B00714A;2024-10-13 00:00;16.0
349190650;B00714A;2024-10-13 02:00;21.0
349190650;B00714A;2024-10-13 08:00;16.0
349190650;B00714A;2024-10-13 09:00;19.0
351210488;B00714A;2024-10-10 19:00;8.0
351210488;B00714A;2024-10-10 20:00;8.0
352190360;B00714A;2024-10-09 00:00;8.0
352190360;B00714A;2024-10-13 01:00;10.0
352220385;B00714A;2024-10-11 13:00;9.0
351220495;B00714A;2024-10-08 14:00;8.0
351220495;B00714A;2024-10-09 05:00;20.0
351220495;B00714A;2024-10-09 08:00;8.0
351220495;B00714A;2024-10-09 09:00;12.0
351220495;B00714A;2024-10-09 10:00;8.0
351220495;B00714A;2024-10-09 11:00;11.0
351220495;B00714A;2024-10-09 12:00;7.0
351220495;B00714A;2024-10-10 07:00;11.0
351220495;B00714A;2024-10-10 08:00;11.0
351220495;B00714A;2024-10-10 09:00;10.0
351220495;B00714A;2024-10-10 10:00;11.0
351220495;B00714A;2024-10-10 11:00;8.0
351220495;B00714A;2024-10-10 13:00;9.0
351220495;B00714A;2024-10-13 09:00;8.0
351190465;B00714A;2024-10-08 13:00;9.0
351190465;B00714A;2024-10-09 04:00;7.0
351190465;B00714A;2024-10-10 09:00;8.0
351190465;B00714A;2024-10-10 10:00;9.0
351190465;B00714A;2024-10-10 12:00;9.0
351190465;B00714A;2024-10-10 15:00;11.0
354170125;B00714A;2024-10-10 07:00;10.0
354170125;B00714A;2024-10-10 08:00;11.0
354170125;B00714A;2024-10-10 12:00;10.0
354170125;B00714A;2024-10-10 14:00;10.0
354170125;B00714A;2024-10-10 15:00;13.0
354170125;B00714A;2024-10-11 05:00;10.0
354170125;B00714A;2024-10-11 10:00;11.0
354170125;B00714A;2024-10-13 05:00;9.0
354170125;B00714A;2024-10-13 08:00;9.0
351190469;B00714A;2024-10-10 10:00;9.0
351190469;B00714A;2024-10-10 11:00;9.0
351190469;B00714A;2024-10-10 14:00;14.0
351190469;B00714A;2024-10-11 10:00;10.0
352230399;B00714A;2024-10-07 11:00;9.0
352230399;B00714A;2024-10-10 10:00;10.0
352230399;B00714A;2024-10-11 12:00;9.0
351230497;B00714A;2024-10-09 10:00;11.0
351230497;B00714A;2024-10-10 09:00;12.0
351230497;B00714A;2024-10-10 10:00;16.0
350230595;B00714A;2024-10-10 11:00;12.0
350230595;B00714A;2024-10-12 04:00;52.0
353150210;B00714A;2024-10-09 13:00;11.0
353150210;B00714A;2024-10-10 13:00;13.0
353150210;B00714A;2024-10-10 15:00;11.0
353150210;B00714A;2024-10-13 03:00;9.0
353150210;B00714A;2024-10-13 09:00;12.0
353180250;B00714A;2024-10-10 12:00;12.0
353180250;B00714A;2024-10-10 14:00;12.0
353180250;B00714A;2024-10-10 15:00;11.0
353180250;B00714A;2024-10-10 16:00;10.0
353180250;B00714A;2024-10-11 09:00;8.0
353180250;B00714A;2024-10-13 01:00;10.0
353180250;B00714A;2024-10-13 02:00;9.0
353180250;B00714A;2024-10-13 09:00;9.0
353200270;B00714A;2024-10-09 05:00;8.0
353200270;B00714A;2024-10-09 09:00;9.0
353200270;B00714A;2024-10-10 12:00;11.0
353200270;B00714A;2024-10-10 13:00;11.0
353200270;B00714A;2024-10-10 14:00;9.0
353200270;B00714A;2024-10-10 17:00;14.0
353200270;B00714A;2024-10-10 18:00;11.0
353200270;B00714A;2024-10-10 19:00;11.0
353200270;B00714A;2024-10-13 06:00;10.0
354210185;B00714A;2024-10-10 13:00;12.0
354210185;B00714A;2024-10-10 18:00;12.0
354210185;B00714A;2024-10-10 19:00;12.0
353200272;B00714A;2024-10-10 12:00;14.0
353200272;B00714A;2024-10-10 13:00;13.0
353200272;B00714A;2024-10-10 18:00;12.0
353200272;B00714A;2024-10-13 05:00;10.0
353230295;B00714A;2024-10-09 12:00;8.0
353230295;B00714A;2024-10-10 10:00;8.0
353230295;B00714A;2024-10-10 11:00;8.0
353230295;B00714A;2024-10-10 12:00;8.0
353230295;B00714A;2024-10-11 09:00;8.0
350190560;B00714A;2024-10-10 13:00;12.0
350190560;B00714A;2024-10-10 14:00;10.0
350190560;B00714A;2024-10-10 18:00;9.0
350190560;B00714A;2024-10-13 09:00;11.0
354190160;B00714A;2024-10-09 07:00;11.0
354190160;B00714A;2024-10-10 08:00;13.0
354190160;B00714A;2024-10-10 09:00;14.0
354190160;B00714A;2024-10-10 10:00;12.0
354190160;B00714A;2024-10-10 13:00;11.0
354190160;B00714A;2024-10-10 14:00;12.0
354190160;B00714A;2024-10-10 15:00;11.0
354190160;B00714A;2024-10-10 16:00;16.0
354190160;B00714A;2024-10-10 17:00;15.0
354190160;B00714A;2024-10-11 12:00;8.0
354190160;B00714A;2024-10-13 03:00;12.0
354190160;B00714A;2024-10-13 04:00;11.0
354190160;B00714A;2024-10-13 05:00;11.0
354190160;B00714A;2024-10-13 06:00;13.0
354190160;B00714A;2024-10-13 08:00;11.0
354190160;B00714A;2024-10-13 09:00;10.0
354180135;B00714A;2024-10-09 20:00;9.0
354180135;B00714A;2024-10-10 00:00;9.0
354180135;B00714A;2024-10-10 02:00;9.0
354180135;B00714A;2024-10-10 05:00;10.0
354180135;B00714A;2024-10-10 06:00;11.0
354180135;B00714A;2024-10-10 08:00;10.0
354180135;B00714A;2024-10-10 12:00;11.0
354180135;B00714A;2024-10-10 13:00;11.0
354180135;B00714A;2024-10-10 16:00;13.0
354180135;B00714A;2024-10-10 17:00;16.0
354180135;B00714A;2024-10-11 00:00;12.0
354180135;B00714A;2024-10-11 10:00;10.0
354180135;B00714A;2024-10-11 11:00;10.0
354180135;B00714A;2024-10-11 12:00;10.0
354180135;B00714A;2024-10-11 13:00;12.0
354180135;B00714A;2024-10-11 14:00;12.0
354180135;B00714A;2024-10-11 19:00;11.0
354180135;B00714A;2024-10-12 23:00;11.0
354180135;B00714A;2024-10-13 00:00;12.0
354180135;B00714A;2024-10-13 01:00;13.0
354180135;B00714A;2024-10-13 02:00;14.0
354180135;B00714A;2024-10-13 03:00;14.0
354180135;B00714A;2024-10-13 04:00;15.0
354180135;B00714A;2024-10-13 05:00;14.0
354180135;B00714A;2024-10-13 06:00;13.0
354180135;B00714A;2024-10-13 07:00;14.0
354180135;B00714A;2024-10-13 08:00;16.0
354180135;B00714A;2024-10-13 09:00;14.0
354150100;B00714A;2024-10-07 09:00;11.0
354150100;B00714A;2024-10-07 10:00;10.0
354150100;B00714A;2024-10-07 11:00;11.0
354150100;B00714A;2024-10-07 12:00;10.0
354150100;B00714A;2024-10-07 17:00;9.0
354150100;B00714A;2024-10-08 09:00;9.0
354150100;B00714A;2024-10-09 06:00;9.0
354150100;B00714A;2024-10-09 07:00;8.0
354150100;B00714A;2024-10-09 08:00;8.0
354150100;B00714A;2024-10-09 12:00;9.0
354150100;B00714A;2024-10-10 01:00;12.0
354150100;B00714A;2024-10-10 03:00;10.0
354150100;B00714A;2024-10-10 08:00;12.0
354150100;B00714A;2024-10-10 09:00;14.0
354150100;B00714A;2024-10-10 10:00;11.0
354150100;B00714A;2024-10-10 11:00;13.0
354150100;B00714A;2024-10-10 12:00;13.0
354150100;B00714A;2024-10-10 13:00;19.0
354150100;B00714A;2024-10-10 14:00;17.0
354150100;B00714A;2024-10-10 15:00;15.0
354150100;B00714A;2024-10-10 16:00;9.0
354150100;B00714A;2024-10-10 17:00;9.0
354150100;B00714A;2024-10-10 21:00;16.0
354150100;B00714A;2024-10-10 22:00;13.0
354150100;B00714A;2024-10-10 23:00;12.0
354150100;B00714A;2024-10-11 01:00;9.0
354150100;B00714A;2024-10-11 08:00;14.0
354150100;B00714A;2024-10-11 09:00;15.0
354150100;B00714A;2024-10-11 10:00;14.0
354150100;B00714A;2024-10-11 11:00;14.0
354150100;B00714A;2024-10-11 12:00;15.0
354150100;B00714A;2024-10-11 13:00;14.0
354150100;B00714A;2024-10-12 13:00;9.0
354150100;B00714A;2024-10-12 23:00;11.0
354150100;B00714A;2024-10-13 00:00;12.0
354150100;B00714A;2024-10-13 01:00;12.0
354150100;B00714A;2024-10-13 02:00;12.0
354150100;B00714A;2024-10-13 03:00;13.0
354150100;B00714A;2024-10-13 04:00;12.0
354150100;B00714A;2024-10-13 05:00;12.0
354150100;B00714A;2024-10-13 06:00;12.0
354150100;B00714A;2024-10-13 09:00;11.0
354170120;B00714A;2024-10-10 16:00;18.0
354170120;B00714A;2024-10-10 17:00;17.0
354170120;B00714A;2024-10-10 23:00;17.0
354170120;B00714A;2024-10-11 01:00;15.0
354170120;B00714A;2024-10-11 02:00;17.0
354170120;B00714A;2024-10-11 06:00;15.0
354170120;B00714A;2024-10-11 07:00;14.0
354170120;B00714A;2024-10-11 10:00;14.0
353140205;B00714A;2024-10-10 05:00;13.0
353140205;B00714A;2024-10-10 08:00;14.0
353140205;B00714A;2024-10-10 10:00;11.0
353140205;B00714A;2024-10-10 11:00;15.0
353140205;B00714A;2024-10-10 12:00;13.0
353140205;B00714A;2024-10-10 13:00;10.0
353140205;B00714A;2024-10-10 15:00;9.0
353140205;B00714A;2024-10-10 19:00;8.0
353140205;B00714A;2024-10-13 07:00;11.0
353140205;B00714A;2024-10-13 08:00;11.0
353140200;B00714A;2024-10-07 07:00;9.0
353140200;B00714A;2024-10-07 09:00;10.0
353140200;B00714A;2024-10-07 10:00;12.0
353140200;B00714A;2024-10-07 12:00;9.0
353140200;B00714A;2024-10-10 02:00;9.0
353140200;B00714A;2024-10-10 06:00;11.0
353140200;B00714A;2024-10-10 08:00;10.0
353140200;B00714A;2024-10-10 09:00;12.0
353140200;B00714A;2024-10-10 11:00;10.0
353140200;B00714A;2024-10-10 12:00;12.0
353140200;B00714A;2024-10-10 13:00;11.0
353140200;B00714A;2024-10-10 15:00;8.0
353140200;B00714A;2024-10-10 17:00;11.0
353140200;B00714A;2024-10-10 21:00;9.0
353140200;B00714A;2024-10-11 05:00;8.0
353140200;B00714A;2024-10-11 09:00;8.0
353140200;B00714A;2024-10-11 13:00;8.0
353140200;B00714A;2024-10-11 14:00;9.0
353140200;B00714A;2024-10-11 15:00;9.0
353140200;B00714A;2024-10-12 19:00;8.0
353140200;B00714A;2024-10-12 21:00;10.0
353140200;B00714A;2024-10-12 22:00;12.0
353140200;B00714A;2024-10-12 23:00;14.0
353140200;B00714A;2024-10-13 02:00;9.0
353140200;B00714A;2024-10-13 03:00;10.0
353140200;B00714A;2024-10-13 08:00;12.0
353140200;B00714A;2024-10-13 09:00;10.0
354160115;B00714A;2024-10-07 12:00;8.0
354160115;B00714A;2024-10-09 07:00;13.0
354160115;B00714A;2024-10-10 02:00;10.0
354160115;B00714A;2024-10-10 04:00;11.0
354160115;B00714A;2024-10-10 05:00;11.0
354160115;B00714A;2024-10-10 06:00;11.0
354160115;B00714A;2024-10-10 07:00;12.0
354160115;B00714A;2024-10-10 08:00;12.0
354160115;B00714A;2024-10-10 11:00;11.0
354160115;B00714A;2024-10-10 15:00;16.0
354160115;B00714A;2024-10-10 16:00;13.0
354160115;B00714A;2024-10-10 17:00;14.0
354160115;B00714A;2024-10-10 20:00;13.0
354160115;B00714A;2024-10-10 21:00;13.0
354160115;B00714A;2024-10-10 22:00;11.0
354160115;B00714A;2024-10-10 23:00;14.0
354160115;B00714A;2024-10-11 00:00;15.0
354160115;B00714A;2024-10-11 01:00;13.0
354160115;B00714A;2024-10-11 02:00;14.0
354160115;B00714A;2024-10-11 03:00;16.0
354160115;B00714A;2024-10-11 04:00;15.0
354160115;B00714A;2024-10-11 05:00;16.0
354160115;B00714A;2024-10-11 06:00;16.0
354160115;B00714A;2024-10-11 07:00;14.0
354160115;B00714A;2024-10-11 08:00;14.0
354160115;B00714A;2024-10-11 09:00;14.0
354160115;B00714A;2024-10-11 10:00;16.0
354160115;B00714A;2024-10-11 11:00;13.0
354160115;B00714A;2024-10-11 12:00;13.0
354160115;B00714A;2024-10-11 14:00;14.0
354160115;B00714A;2024-10-11 15:00;13.0
354160115;B00714A;2024-10-13 02:00;10.0
354160115;B00714A;2024-10-13 03:00;11.0
354160115;B00714A;2024-10-13 04:00;11.0
354160115;B00714A;2024-10-13 06:00;10.0
350190550;B00714A;2024-10-10 13:00;8.0
350190550;B00714A;2024-10-10 14:00;7.0
350190550;B00714A;2024-10-11 12:00;7.0
350190550;B00714A;2024-10-13 09:00;9.0
353210280;B00714A;2024-10-10 12:00;13.0
353210280;B00714A;2024-10-10 15:00;11.0
353210280;B00714A;2024-10-10 19:00;10.0
353210280;B00714A;2024-10-10 20:00;9.0
353210280;B00714A;2024-10-10 21:00;10.0
353210280;B00714A;2024-10-11 05:00;11.0
353210280;B00714A;2024-10-11 12:00;10.0
353210280;B00714A;2024-10-13 06:00;11.0
353210280;B00714A;2024-10-13 08:00;11.0
354220195;B00714A;2024-10-10 12:00;12.0
354220195;B00714A;2024-10-10 13:00;12.0
354220195;B00714A;2024-10-10 14:00;9.0
354220195;B00714A;2024-10-10 15:00;9.0
354220195;B00714A;2024-10-10 19:00;9.0
354220195;B00714A;2024-10-11 07:00;9.0
354220195;B00714A;2024-10-13 09:00;12.0
349190600;B00714A;2024-10-07 18:00;8.0
349190600;B00714A;2024-10-07 20:00;12.0
349190600;B00714A;2024-10-07 22:00;9.0
349190600;B00714A;2024-10-08 19:00;9.0
349190600;B00714A;2024-10-08 20:00;24.0
349190600;B00714A;2024-10-08 21:00;17.0
349190600;B00714A;2024-10-08 22:00;20.0
349190600;B00714A;2024-10-08 23:00;18.0
349190600;B00714A;2024-10-09 00:00;16.0
349190600;B00714A;2024-10-09 01:00;13.0
349190600;B00714A;2024-10-09 02:00;14.0
349190600;B00714A;2024-10-09 03:00;13.0
349190600;B00714A;2024-10-09 10:00;12.0
349190600;B00714A;2024-10-09 17:00;8.0
349190600;B00714A;2024-10-09 21:00;9.0
349190600;B00714A;2024-10-09 22:00;11.0
349190600;B00714A;2024-10-09 23:00;11.0
349190600;B00714A;2024-10-10 00:00;13.0
349190600;B00714A;2024-10-10 01:00;11.0
349190600;B00714A;2024-10-10 03:00;8.0
349190600;B00714A;2024-10-10 05:00;10.0
349190600;B00714A;2024-10-10 06:00;13.0
349190600;B00714A;2024-10-10 08:00;12.0
349190600;B00714A;2024-10-10 10:00;11.0
349190600;B00714A;2024-10-10 14:00;12.0
349190600;B00714A;2024-10-13 01:00;16.0
349190600;B00714A;2024-10-13 04:00;13.0
349190600;B00714A;2024-10-13 05:00;12.0
349190600;B00714A;2024-10-13 06:00;15.0
349190600;B00714A;2024-10-13 08:00;14.0
349190600;B00714A;2024-10-13 09:00;14.0
350170530;B00714A;2024-10-08 07:00;10.0
350170530;B00714A;2024-10-08 10:00;13.0
350170530;B00714A;2024-10-08 13:00;12.0
350170530;B00714A;2024-10-10 08:00;11.0
350170530;B00714A;2024-10-13 05:00;11.0
350170530;B00714A;2024-10-13 07:00;12.0
350170530;B00714A;2024-10-13 08:00;13.0
350170530;B00714A;2024-10-13 09:00;13.0
350190566;B00714A;2024-10-10 18:00;11.0
349190625;B00714A;2024-10-08 12:00;14.0
349190625;B00714A;2024-10-08 13:00;8.0
349190625;B00714A;2024-10-08 16:00;8.0
349190625;B00714A;2024-10-08 18:00;7.0
349190625;B00714A;2024-10-08 23:00;8.0
349190625;B00714A;2024-10-09 00:00;17.0
349190625;B00714A;2024-10-09 01:00;16.0
349190625;B00714A;2024-10-09 02:00;9.0
349190625;B00714A;2024-10-09 03:00;10.0
349190625;B00714A;2024-10-09 04:00;11.0
349190625;B00714A;2024-10-09 05:00;8.0
349190625;B00714A;2024-10-09 06:00;7.0
349190625;B00714A;2024-10-10 04:00;8.0
352150300;B00714A;2024-10-10 10:00;11.0
352150300;B00714A;2024-10-10 11:00;13.0
352150300;B00714A;2024-10-10 12:00;12.0
352150300;B00714A;2024-10-10 19:00;12.0
352150300;B00714A;2024-10-10 21:00;9.0
352150300;B00714A;2024-10-13 07:00;16.0
352150300;B00714A;2024-10-13 08:00;9.0
351180435;B00714A;2024-10-08 16:00;10.0
351180435;B00714A;2024-10-10 13:00;15.0
351180435;B00714A;2024-10-10 14:00;12.0
351180435;B00714A;2024-10-13 05:00;11.0
352180345;B00714A;2024-10-10 13:00;13.0
352180345;B00714A;2024-10-10 14:00;15.0
352180345;B00714A;2024-10-11 00:00;11.0
353160230;B00714A;2024-10-07 13:00;8.0
353160230;B00714A;2024-10-10 12:00;10.0
353160230;B00714A;2024-10-10 13:00;13.0
353160230;B00714A;2024-10-10 21:00;9.0
353160230;B00714A;2024-10-13 09:00;10.0
352160330;B00714A;2024-10-10 09:00;10.0
352160330;B00714A;2024-10-10 12:00;16.0
352160330;B00714A;2024-10-10 13:00;14.0
352160330;B00714A;2024-10-10 14:00;13.0
352160330;B00714A;2024-10-10 21:00;12.0
352160330;B00714A;2024-10-13 09:00;14.0
352140310;B00714A;2024-10-09 21:00;10.0
352140310;B00714A;2024-10-10 10:00;14.0
352140310;B00714A;2024-10-10 11:00;11.0
351180455;B00714A;2024-10-08 12:00;10.0
351180455;B00714A;2024-10-09 01:00;8.0
351180455;B00714A;2024-10-10 09:00;9.0
351180455;B00714A;2024-10-10 11:00;8.0
351180455;B00714A;2024-10-10 12:00;8.0
351180455;B00714A;2024-10-10 15:00;9.0
351180455;B00714A;2024-10-13 06:00;10.0
351180455;B00714A;2024-10-13 07:00;9.0
351180455;B00714A;2024-10-13 08:00;11.0
351180455;B00714A;2024-10-13 09:00;9.0
353170235;B00714A;2024-10-10 12:00;13.0
353170235;B00714A;2024-10-10 14:00;17.0
353170235;B00714A;2024-10-10 15:00;12.0
353170235;B00714A;2024-10-10 17:00;11.0
353170235;B00714A;2024-10-10 22:00;10.0
353170235;B00714A;2024-10-11 13:00;8.0
353170235;B00714A;2024-10-12 22:00;9.0
354160105;B00714A;2024-10-07 12:00;9.0
354160105;B00714A;2024-10-10 05:00;10.0
354160105;B00714A;2024-10-10 06:00;10.0
354160105;B00714A;2024-10-10 08:00;11.0
354160105;B00714A;2024-10-10 11:00;11.0
354160105;B00714A;2024-10-10 12:00;10.0
354160105;B00714A;2024-10-10 13:00;10.0
354160105;B00714A;2024-10-10 14:00;14.0
354160105;B00714A;2024-10-10 15:00;13.0
354160105;B00714A;2024-10-11 11:00;11.0
354160105;B00714A;2024-10-12 23:00;9.0
352200375;B00714A;2024-10-09 05:00;8.0
352200375;B00714A;2024-10-10 18:00;9.0
352200375;B00714A;2024-10-11 11:00;13.0
350150500;B00714A;2024-10-10 09:00;12.0
350150500;B00714A;2024-10-10 10:00;17.0
350150500;B00714A;2024-10-10 11:00;12.0
350150500;B00714A;2024-10-10 12:00;11.0
350150500;B00714A;2024-10-10 13:00;10.0
350150500;B00714A;2024-10-10 21:00;9.0
350150500;B00714A;2024-10-13 08:00;10.0
350160520;B00714A;2024-10-08 07:00;14.0
350160520;B00714A;2024-10-08 09:00;17.0
350160520;B00714A;2024-10-08 10:00;16.0
350160520;B00714A;2024-10-08 11:00;16.0
350160520;B00714A;2024-10-08 12:00;16.0
350160520;B00714A;2024-10-08 13:00;15.0
350160520;B00714A;2024-10-08 14:00;15.0
350160520;B00714A;2024-10-08 15:00;12.0
350160520;B00714A;2024-10-08 19:00;9.0
350160520;B00714A;2024-10-08 20:00;16.0
350160520;B00714A;2024-10-08 21:00;18.0
350160520;B00714A;2024-10-08 22:00;18.0
350160520;B00714A;2024-10-08 23:00;19.0
350160520;B00714A;2024-10-09 01:00;13.0
350160520;B00714A;2024-10-09 05:00;15.0
350160520;B00714A;2024-10-09 20:00;16.0
350160520;B00714A;2024-10-09 21:00;17.0
350160520;B00714A;2024-10-09 22:00;16.0
350160520;B00714A;2024-10-09 23:00;13.0
350160520;B00714A;2024-10-10 00:00;17.0
350160520;B00714A;2024-10-10 03:00;15.0
350160520;B00714A;2024-10-10 04:00;14.0
350160520;B00714A;2024-10-10 05:00;14.0
350160520;B00714A;2024-10-10 09:00;12.0
350160520;B00714A;2024-10-10 11:00;15.0
350160520;B00714A;2024-10-10 12:00;13.0
350160520;B00714A;2024-10-10 13:00;14.0
350160520;B00714A;2024-10-10 14:00;13.0
350160520;B00714A;2024-10-12 22:00;14.0
350160520;B00714A;2024-10-13 00:00;11.0
350160520;B00714A;2024-10-13 01:00;11.0
350160520;B00714A;2024-10-13 02:00;15.0
350160520;B00714A;2024-10-13 09:00;10.0
351160415;B00714A;2024-10-09 23:00;11.0
351160415;B00714A;2024-10-10 04:00;13.0
351160415;B00714A;2024-10-10 11:00;14.0
351160415;B00714A;2024-10-10 12:00;11.0
351160415;B00714A;2024-10-10 13:00;12.0
351160418;B00714A;2024-10-10 09:00;10.0
351160418;B00714A;2024-10-10 11:00;13.0
351160418;B00714A;2024-10-10 12:00;13.0
351160418;B00714A;2024-10-10 13:00;14.0
351160418;B00714A;2024-10-10 14:00;10.0
351160418;B00714A;2024-10-13 08:00;9.0
351160418;B00714A;2024-10-13 09:00;11.0
350150510;B00714A;2024-10-07 10:00;16.0
350150510;B00714A;2024-10-07 11:00;14.0
350150510;B00714A;2024-10-07 13:00;15.0
350150510;B00714A;2024-10-07 14:00;16.0
350150510;B00714A;2024-10-07 17:00;12.0
350150510;B00714A;2024-10-07 19:00;15.0
350150510;B00714A;2024-10-07 20:00;16.0
350150510;B00714A;2024-10-07 21:00;19.0
350150510;B00714A;2024-10-07 22:00;21.0
350150510;B00714A;2024-10-07 23:00;18.0
350150510;B00714A;2024-10-08 00:00;14.0
350150510;B00714A;2024-10-08 01:00;14.0
350150510;B00714A;2024-10-08 02:00;18.0
350150510;B00714A;2024-10-08 03:00;14.0
350150510;B00714A;2024-10-08 04:00;16.0
350150510;B00714A;2024-10-08 17:00;25.0
350150510;B00714A;2024-10-08 18:00;29.0
350150510;B00714A;2024-10-08 19:00;28.0
350150510;B00714A;2024-10-08 20:00;28.0
350150510;B00714A;2024-10-08 21:00;22.0
350150510;B00714A;2024-10-08 22:00;19.0
350150510;B00714A;2024-10-08 23:00;16.0
350150510;B00714A;2024-10-09 00:00;12.0
350150510;B00714A;2024-10-09 01:00;11.0
350150510;B00714A;2024-10-09 10:00;12.0
350150510;B00714A;2024-10-09 11:00;16.0
350150510;B00714A;2024-10-09 12:00;14.0
350150510;B00714A;2024-10-09 13:00;12.0
350150510;B00714A;2024-10-09 14:00;21.0
350150510;B00714A;2024-10-09 15:00;23.0
350150510;B00714A;2024-10-09 16:00;24.0
350150510;B00714A;2024-10-09 17:00;26.0
350150510;B00714A;2024-10-09 18:00;26.0
350150510;B00714A;2024-10-09 20:00;24.0
350150510;B00714A;2024-10-10 00:00;25.0
350150510;B00714A;2024-10-10 02:00;25.0
350150510;B00714A;2024-10-10 04:00;21.0
350150510;B00714A;2024-10-10 05:00;23.0
350150510;B00714A;2024-10-10 06:00;26.0
350150510;B00714A;2024-10-10 07:00;29.0
350150510;B00714A;2024-10-10 08:00;28.0
350150510;B00714A;2024-10-10 09:00;30.0
350150510;B00714A;2024-10-10 10:00;28.0
350150510;B00714A;2024-10-10 11:00;29.0
350150510;B00714A;2024-10-10 12:00;22.0
350150510;B00714A;2024-10-10 13:00;22.0
350150510;B00714A;2024-10-10 14:00;18.0
350150510;B00714A;2024-10-10 15:00;21.0
350150510;B00714A;2024-10-10 16:00;21.0
350150510;B00714A;2024-10-10 17:00;20.0
350150510;B00714A;2024-10-10 18:00;20.0
350150510;B00714A;2024-10-10 19:00;12.0
350150510;B00714A;2024-10-12 12:00;16.0
350150510;B00714A;2024-10-12 13:00;18.0
350150510;B00714A;2024-10-12 17:00;24.0
350150510;B00714A;2024-10-12 21:00;26.0
350150510;B00714A;2024-10-13 00:00;18.0
350150510;B00714A;2024-10-13 01:00;26.0
350150510;B00714A;2024-10-13 02:00;22.0
350150510;B00714A;2024-10-13 03:00;19.0
350150510;B00714A;2024-10-13 04:00;27.0
350150510;B00714A;2024-10-13 05:00;25.0
350150510;B00714A;2024-10-13 06:00;25.0
350150510;B00714A;2024-10-13 07:00;20.0
350150510;B00714A;2024-10-13 08:00;29.0
350150510;B00714A;2024-10-13 09:00;26.0
351160424;B00714A;2024-10-10 11:00;13.0
351160424;B00714A;2024-10-11 10:00;8.0
351160424;B00714A;2024-10-13 09:00;14.0
351150400;B00714A;2024-10-09 04:00;9.0
351150400;B00714A;2024-10-10 10:00;12.0
351150400;B00714A;2024-10-10 11:00;14.0
351150400;B00714A;2024-10-10 12:00;14.0
351150400;B00714A;2024-10-10 13:00;12.0
351150400;B00714A;2024-10-10 19:00;9.0
351150400;B00714A;2024-10-11 00:00;8.0
351150400;B00714A;2024-10-12 13:00;8.0
351150400;B00714A;2024-10-13 05:00;9.0
351150400;B00714A;2024-10-13 08:00;10.0
351150400;B00714A;2024-10-13 09:00;8.0
354180155;B00714A;2024-10-10 16:00;13.0
354180155;B00714A;2024-10-10 18:00;14.0
349200628;B00714A;2024-10-07 21:00;10.0
349200628;B00714A;2024-10-07 22:00;10.0
349200628;B00714A;2024-10-08 00:00;11.0
349200628;B00714A;2024-10-08 03:00;10.0
349200628;B00714A;2024-10-08 08:00;15.0
349200628;B00714A;2024-10-08 09:00;15.0
349200628;B00714A;2024-10-08 10:00;14.0
349200628;B00714A;2024-10-08 11:00;16.0
349200628;B00714A;2024-10-08 12:00;18.0
349200628;B00714A;2024-10-08 13:00;21.0
349200628;B00714A;2024-10-08 14:00;19.0
349200628;B00714A;2024-10-08 15:00;19.0
349200628;B00714A;2024-10-08 16:00;19.0
349200628;B00714A;2024-10-08 17:00;24.0
349200628;B00714A;2024-10-08 18:00;23.0
349200628;B00714A;2024-10-08 19:00;25.0
349200628;B00714A;2024-10-08 20:00;26.0
349200628;B00714A;2024-10-08 21:00;21.0
349200628;B00714A;2024-10-08 22:00;27.0
349200628;B00714A;2024-10-08 23:00;27.0
349200628;B00714A;2024-10-09 00:00;28.0
349200628;B00714A;2024-10-09 01:00;29.0
349200628;B00714A;2024-10-09 02:00;25.0
349200628;B00714A;2024-10-09 03:00;26.0
349200628;B00714A;2024-10-09 04:00;23.0
349200628;B00714A;2024-10-09 05:00;15.0
349200628;B00714A;2024-10-09 06:00;20.0
349200628;B00714A;2024-10-09 07:00;9.0
349200628;B00714A;2024-10-09 08:00;11.0
349200628;B00714A;2024-10-09 09:00;12.0
349200628;B00714A;2024-10-09 10:00;11.0
349200628;B00714A;2024-10-09 12:00;10.0
349200628;B00714A;2024-10-09 14:00;12.0
349200628;B00714A;2024-10-09 15:00;14.0
349200628;B00714A;2024-10-09 16:00;16.0
349200628;B00714A;2024-10-09 17:00;13.0
349200628;B00714A;2024-10-09 18:00;19.0
349200628;B00714A;2024-10-09 19:00;16.0
349200628;B00714A;2024-10-09 20:00;20.0
349200628;B00714A;2024-10-09 21:00;26.0
349200628;B00714A;2024-10-09 22:00;21.0
349200628;B00714A;2024-10-09 23:00;22.0
349200628;B00714A;2024-10-10 00:00;22.0
349200628;B00714A;2024-10-10 01:00;22.0
349200628;B00714A;2024-10-10 02:00;20.0
349200628;B00714A;2024-10-10 03:00;23.0
349200628;B00714A;2024-10-10 04:00;24.0
349200628;B00714A;2024-10-10 05:00;25.0
349200628;B00714A;2024-10-10 06:00;24.0
349200628;B00714A;2024-10-10 07:00;21.0
349200628;B00714A;2024-10-10 08:00;24.0
349200628;B00714A;2024-10-10 09:00;20.0
349200628;B00714A;2024-10-10 10:00;17.0
349200628;B00714A;2024-10-10 11:00;13.0
349200628;B00714A;2024-10-10 12:00;10.0
349200628;B00714A;2024-10-13 01:00;15.0
349200628;B00714A;2024-10-13 02:00;13.0
349200628;B00714A;2024-10-13 03:00;13.0
349200628;B00714A;2024-10-13 04:00;15.0
349200628;B00714A;2024-10-13 05:00;12.0
349200628;B00714A;2024-10-13 06:00;12.0
349200628;B00714A;2024-10-13 09:00;12.0
350200570;B00714A;2024-10-13 13:00;16.0
350200570;B00714A;2024-10-14 00:00;9.0
350200570;B00714A;2024-10-14 01:00;10.0
350200570;B00714A;2024-10-14 02:00;9.0
350200570;B00714A;2024-10-14 07:00;8.0
350200570;B00714A;2024-10-14 08:00;8.0
350200570;B00714A;2024-10-14 10:00;10.0
350200570;B00714A;2024-10-14 14:00;9.0
350200570;B00714A;2024-10-17 12:00;10.0
349210670;B00714A;2024-10-13 10:00;16.0
349210670;B00714A;2024-10-13 11:00;14.0
349210670;B00714A;2024-10-13 12:00;14.0
349210670;B00714A;2024-10-13 13:00;11.0
349210670;B00714A;2024-10-13 14:00;9.0
349210670;B00714A;2024-10-13 16:00;9.0
349210670;B00714A;2024-10-14 01:00;9.0
349210670;B00714A;2024-10-14 03:00;12.0
349210670;B00714A;2024-10-14 04:00;11.0
349210670;B00714A;2024-10-14 09:00;11.0
349210670;B00714A;2024-10-14 11:00;10.0
349220690;B00714A;2024-10-13 10:00;13.0
349220690;B00714A;2024-10-13 11:00;12.0
349220690;B00714A;2024-10-13 13:00;13.0
349220690;B00714A;2024-10-13 14:00;11.0
349220690;B00714A;2024-10-13 15:00;11.0
349220690;B00714A;2024-10-13 16:00;10.0
349220690;B00714A;2024-10-14 05:00;9.0
349220690;B00714A;2024-10-14 08:00;11.0
349200660;B00714A;2024-10-13 12:00;8.0
349200660;B00714A;2024-10-13 15:00;7.0
349200660;B00714A;2024-10-13 17:00;9.0
349200660;B00714A;2024-10-14 09:00;11.0
350220580;B00714A;2024-10-13 11:00;13.0
350220580;B00714A;2024-10-13 12:00;15.0
350220580;B00714A;2024-10-14 02:00;16.0
350220580;B00714A;2024-10-14 07:00;15.0
350220580;B00714A;2024-10-14 08:00;16.0
350220580;B00714A;2024-10-14 09:00;14.0
350220580;B00714A;2024-10-14 10:00;15.0
350210585;B00714A;2024-10-14 06:00;10.0
350210585;B00714A;2024-10-14 08:00;12.0
350210585;B00714A;2024-10-14 11:00;12.0
350210585;B00714A;2024-10-17 10:00;11.0
350210585;B00714A;2024-10-17 11:00;11.0
350210585;B00714A;2024-10-18 13:00;10.0
350200575;B00714A;2024-10-14 03:00;11.0
350200575;B00714A;2024-10-14 05:00;11.0
350200575;B00714A;2024-10-14 10:00;11.0
350200575;B00714A;2024-10-17 13:00;8.0
350200575;B00714A;2024-10-18 13:00;8.0
349190650;B00714A;2024-10-13 10:00;21.0
349190650;B00714A;2024-10-13 11:00;21.0
349190650;B00714A;2024-10-13 12:00;23.0
349190650;B00714A;2024-10-13 13:00;20.0
349190650;B00714A;2024-10-13 14:00;14.0
349190650;B00714A;2024-10-13 16:00;22.0
349190650;B00714A;2024-10-13 17:00;15.0
349190650;B00714A;2024-10-13 18:00;22.0
349190650;B00714A;2024-10-13 19:00;26.0
349190650;B00714A;2024-10-13 20:00;22.0
349190650;B00714A;2024-10-13 21:00;19.0
349190650;B00714A;2024-10-13 22:00;20.0
349190650;B00714A;2024-10-13 23:00;15.0
349190650;B00714A;2024-10-14 00:00;13.0
349190650;B00714A;2024-10-14 01:00;13.0
349190650;B00714A;2024-10-14 02:00;14.0
349190650;B00714A;2024-10-14 03:00;16.0
349190650;B00714A;2024-10-14 04:00;12.0
349190650;B00714A;2024-10-14 05:00;12.0
349190650;B00714A;2024-10-14 06:00;13.0
349190650;B00714A;2024-10-14 09:00;14.0
349190650;B00714A;2024-10-14 10:00;13.0
349190650;B00714A;2024-10-14 11:00;11.0
349190650;B00714A;2024-10-14 13:00;13.0
349190650;B00714A;2024-10-14 16:00;11.0
351210488;B00714A;2024-10-13 14:00;10.0
351210488;B00714A;2024-10-13 22:00;11.0
351210488;B00714A;2024-10-14 00:00;14.0
351210488;B00714A;2024-10-14 01:00;13.0
351210488;B00714A;2024-10-14 02:00;12.0
351210488;B00714A;2024-10-14 03:00;11.0
351210488;B00714A;2024-10-14 04:00;11.0
351210488;B00714A;2024-10-14 06:00;11.0
351210488;B00714A;2024-10-14 07:00;9.0
351210488;B00714A;2024-10-14 08:00;10.0
351210488;B00714A;2024-10-14 09:00;11.0
351210488;B00714A;2024-10-14 12:00;10.0
351210488;B00714A;2024-10-14 13:00;11.0
351210488;B00714A;2024-10-17 10:00;10.0
351210488;B00714A;2024-10-17 11:00;9.0
351210488;B00714A;2024-10-17 12:00;10.0
351210488;B00714A;2024-10-17 14:00;11.0
351210488;B00714A;2024-10-18 13:00;9.0
351210488;B00714A;2024-10-19 11:00;9.0
352190360;B00714A;2024-10-13 12:00;12.0
352190360;B00714A;2024-10-13 19:00;13.0
352190360;B00714A;2024-10-13 21:00;17.0
352190360;B00714A;2024-10-13 22:00;16.0
352190360;B00714A;2024-10-13 23:00;16.0
352190360;B00714A;2024-10-14 00:00;14.0
352190360;B00714A;2024-10-14 01:00;15.0
352190360;B00714A;2024-10-14 02:00;14.0
352190360;B00714A;2024-10-14 04:00;12.0
352190360;B00714A;2024-10-14 05:00;13.0
352190360;B00714A;2024-10-14 07:00;10.0
352190360;B00714A;2024-10-14 09:00;13.0
352190360;B00714A;2024-10-14 11:00;12.0
352190360;B00714A;2024-10-14 13:00;10.0
352190360;B00714A;2024-10-14 18:00;11.0
352190360;B00714A;2024-10-15 10:00;9.0
352190360;B00714A;2024-10-17 08:00;12.0
352190360;B00714A;2024-10-17 09:00;11.0
352190360;B00714A;2024-10-17 11:00;12.0
352190360;B00714A;2024-10-17 12:00;12.0
352190360;B00714A;2024-10-17 13:00;11.0
352220385;B00714A;2024-10-13 22:00;11.0
352220385;B00714A;2024-10-13 23:00;13.0
352220385;B00714A;2024-10-14 00:00;11.0
352220385;B00714A;2024-10-14 06:00;13.0
352220385;B00714A;2024-10-14 11:00;10.0
352220385;B00714A;2024-10-17 10:00;10.0
352220385;B00714A;2024-10-17 11:00;10.0
352220385;B00714A;2024-10-17 13:00;10.0
352220385;B00714A;2024-10-19 10:00;9.0
351220495;B00714A;2024-10-13 10:00;8.0
351220495;B00714A;2024-10-13 11:00;9.0
351220495;B00714A;2024-10-13 12:00;10.0
351220495;B00714A;2024-10-13 13:00;7.0
351220495;B00714A;2024-10-13 15:00;12.0
351220495;B00714A;2024-10-14 00:00;10.0
351220495;B00714A;2024-10-14 01:00;13.0
351220495;B00714A;2024-10-14 02:00;12.0
351220495;B00714A;2024-10-14 04:00;14.0
351220495;B00714A;2024-10-14 05:00;14.0
351220495;B00714A;2024-10-14 06:00;14.0
351220495;B00714A;2024-10-14 07:00;14.0
351220495;B00714A;2024-10-14 08:00;12.0
351220495;B00714A;2024-10-14 09:00;11.0
351220495;B00714A;2024-10-14 14:00;13.0
351220495;B00714A;2024-10-14 16:00;10.0
351220495;B00714A;2024-10-15 09:00;14.0
351220495;B00714A;2024-10-17 08:00;10.0
351220495;B00714A;2024-10-17 09:00;11.0
351220495;B00714A;2024-10-17 11:00;10.0
351220495;B00714A;2024-10-17 13:00;10.0
351220495;B00714A;2024-10-17 14:00;9.0
351220495;B00714A;2024-10-18 08:00;9.0
351220495;B00714A;2024-10-18 12:00;9.0
351220495;B00714A;2024-10-18 14:00;9.0
351220495;B00714A;2024-10-18 16:00;7.0
351220495;B00714A;2024-10-19 11:00;11.0
351220495;B00714A;2024-10-19 13:00;8.0
351190465;B00714A;2024-10-13 11:00;18.0
351190465;B00714A;2024-10-13 13:00;11.0
351190465;B00714A;2024-10-13 17:00;12.0
351190465;B00714A;2024-10-13 19:00;15.0
351190465;B00714A;2024-10-13 20:00;14.0
351190465;B00714A;2024-10-13 21:00;15.0
351190465;B00714A;2024-10-13 23:00;14.0
351190465;B00714A;2024-10-14 00:00;14.0
351190465;B00714A;2024-10-14 01:00;16.0
351190465;B00714A;2024-10-14 02:00;16.0
351190465;B00714A;2024-10-14 03:00;15.0
351190465;B00714A;2024-10-14 05:00;14.0
351190465;B00714A;2024-10-14 07:00;13.0
351190465;B00714A;2024-10-14 09:00;12.0
351190465;B00714A;2024-10-17 08:00;9.0
351190465;B00714A;2024-10-17 09:00;11.0
351190465;B00714A;2024-10-17 10:00;11.0
351190465;B00714A;2024-10-17 12:00;9.0
351190465;B00714A;2024-10-17 14:00;10.0
354170125;B00714A;2024-10-13 14:00;9.0
354170125;B00714A;2024-10-14 01:00;11.0
354170125;B00714A;2024-10-14 13:00;10.0
354170125;B00714A;2024-10-17 01:00;8.0
354170125;B00714A;2024-10-17 10:00;10.0
354170125;B00714A;2024-10-17 12:00;10.0
354170125;B00714A;2024-10-17 13:00;11.0
354170125;B00714A;2024-10-17 17:00;8.0
354170125;B00714A;2024-10-17 18:00;8.0
354170125;B00714A;2024-10-18 11:00;9.0
354170125;B00714A;2024-10-18 13:00;9.0
354170125;B00714A;2024-10-18 14:00;8.0
354170125;B00714A;2024-10-19 12:00;9.0
354170125;B00714A;2024-10-19 13:00;9.0
351190469;B00714A;2024-10-13 12:00;17.0
351190469;B00714A;2024-10-13 17:00;12.0
351190469;B00714A;2024-10-13 19:00;14.0
351190469;B00714A;2024-10-13 20:00;17.0
351190469;B00714A;2024-10-13 21:00;16.0
351190469;B00714A;2024-10-13 22:00;15.0
351190469;B00714A;2024-10-13 23:00;14.0
351190469;B00714A;2024-10-14 00:00;15.0
351190469;B00714A;2024-10-14 01:00;13.0
351190469;B00714A;2024-10-14 03:00;13.0
351190469;B00714A;2024-10-14 04:00;14.0
351190469;B00714A;2024-10-14 07:00;14.0
351190469;B00714A;2024-10-14 11:00;11.0
351190469;B00714A;2024-10-17 07:00;12.0
351190469;B00714A;2024-10-17 08:00;11.0
351190469;B00714A;2024-10-17 09:00;13.0
351190469;B00714A;2024-10-17 10:00;10.0
351190469;B00714A;2024-10-17 11:00;12.0
351190469;B00714A;2024-10-17 12:00;11.0
351190469;B00714A;2024-10-17 14:00;11.0
351190469;B00714A;2024-10-19 12:00;9.0
352230399;B00714A;2024-10-13 16:00;22.0
352230399;B00714A;2024-10-14 01:00;13.0
352230399;B00714A;2024-10-14 03:00;9.0
352230399;B00714A;2024-10-14 09:00;10.0
352230399;B00714A;2024-10-14 11:00;10.0
352230399;B00714A;2024-10-14 12:00;9.0
352230399;B00714A;2024-10-14 13:00;9.0
351230497;B00714A;2024-10-13 16:00;19.0
351230497;B00714A;2024-10-14 02:00;14.0
351230497;B00714A;2024-10-14 04:00;19.0
351230497;B00714A;2024-10-14 05:00;14.0
351230497;B00714A;2024-10-14 06:00;14.0
351230497;B00714A;2024-10-14 07:00;14.0
351230497;B00714A;2024-10-14 09:00;13.0
351230497;B00714A;2024-10-14 11:00;12.0
350230595;B00714A;2024-10-13 16:00;16.0
350230595;B00714A;2024-10-14 05:00;16.0
350230595;B00714A;2024-10-16 19:00;47.0
353150210;B00714A;2024-10-13 12:00;11.0
353150210;B00714A;2024-10-13 16:00;11.0
353150210;B00714A;2024-10-13 23:00;13.0
353150210;B00714A;2024-10-14 01:00;12.0
353150210;B00714A;2024-10-16 13:00;10.0
353150210;B00714A;2024-10-16 21:00;9.0
353150210;B00714A;2024-10-16 22:00;10.0
353150210;B00714A;2024-10-16 23:00;9.0
353150210;B00714A;2024-10-17 04:00;9.0
353150210;B00714A;2024-10-17 05:00;9.0
353150210;B00714A;2024-10-17 09:00;11.0
353150210;B00714A;2024-10-17 10:00;11.0
353150210;B00714A;2024-10-17 12:00;11.0
353180250;B00714A;2024-10-13 11:00;9.0
353180250;B00714A;2024-10-13 13:00;11.0
353180250;B00714A;2024-10-13 16:00;9.0
353180250;B00714A;2024-10-13 17:00;9.0
353180250;B00714A;2024-10-13 18:00;11.0
353180250;B00714A;2024-10-13 19:00;12.0
353180250;B00714A;2024-10-13 20:00;12.0
353180250;B00714A;2024-10-13 21:00;12.0
353180250;B00714A;2024-10-13 23:00;12.0
353180250;B00714A;2024-10-14 00:00;13.0
353180250;B00714A;2024-10-14 02:00;11.0
353180250;B00714A;2024-10-14 03:00;12.0
353180250;B00714A;2024-10-14 04:00;11.0
353180250;B00714A;2024-10-14 05:00;10.0
353180250;B00714A;2024-10-14 06:00;10.0
353180250;B00714A;2024-10-14 07:00;9.0
353180250;B00714A;2024-10-14 08:00;10.0
353180250;B00714A;2024-10-14 10:00;9.0
353180250;B00714A;2024-10-14 11:00;9.0
353180250;B00714A;2024-10-16 22:00;10.0
353180250;B00714A;2024-10-17 10:00;11.0
353180250;B00714A;2024-10-17 13:00;12.0
353180250;B00714A;2024-10-17 14:00;10.0
353180250;B00714A;2024-10-17 22:00;9.0
353180250;B00714A;2024-10-18 14:00;10.0
353200270;B00714A;2024-10-13 13:00;10.0
353200270;B00714A;2024-10-13 15:00;12.0
353200270;B00714A;2024-10-13 21:00;13.0
353200270;B00714A;2024-10-13 22:00;13.0
353200270;B00714A;2024-10-13 23:00;13.0
353200270;B00714A;2024-10-14 01:00;13.0
353200270;B00714A;2024-10-14 05:00;12.0
353200270;B00714A;2024-10-14 06:00;11.0
353200270;B00714A;2024-10-14 09:00;11.0
353200270;B00714A;2024-10-17 09:00;9.0
353200270;B00714A;2024-10-17 11:00;11.0
353200270;B00714A;2024-10-17 13:00;11.0
353200270;B00714A;2024-10-17 14:00;10.0
353200270;B00714A;2024-10-17 15:00;9.0
353200270;B00714A;2024-10-18 14:00;9.0
353200270;B00714A;2024-10-18 23:00;8.0
353200270;B00714A;2024-10-19 12:00;9.0
354210185;B00714A;2024-10-13 10:00;13.0
354210185;B00714A;2024-10-13 12:00;13.0
354210185;B00714A;2024-10-13 13:00;12.0
353200272;B00714A;2024-10-13 13:00;10.0
353200272;B00714A;2024-10-14 04:00;10.0
353200272;B00714A;2024-10-14 05:00;10.0
353200272;B00714A;2024-10-14 06:00;9.0
353200272;B00714A;2024-10-14 07:00;8.0
353200272;B00714A;2024-10-14 08:00;8.0
353200272;B00714A;2024-10-14 09:00;9.0
353200272;B00714A;2024-10-14 10:00;8.0
353200272;B00714A;2024-10-14 11:00;8.0
353200272;B00714A;2024-10-17 11:00;11.0
353200272;B00714A;2024-10-17 14:00;12.0
353200272;B00714A;2024-10-17 17:00;9.0
353200272;B00714A;2024-10-18 09:00;9.0
353200272;B00714A;2024-10-18 11:00;9.0
353200272;B00714A;2024-10-18 12:00;9.0
353200272;B00714A;2024-10-18 13:00;9.0
353200272;B00714A;2024-10-19 10:00;11.0
353230295;B00714A;2024-10-14 10:00;10.0
353230295;B00714A;2024-10-14 11:00;9.0
353230295;B00714A;2024-10-14 16:00;8.0
350190560;B00714A;2024-10-13 10:00;12.0
350190560;B00714A;2024-10-14 03:00;11.0
354190160;B00714A;2024-10-13 10:00;12.0
354190160;B00714A;2024-10-13 11:00;10.0
354190160;B00714A;2024-10-13 12:00;11.0
354190160;B00714A;2024-10-14 02:00;11.0
354190160;B00714A;2024-10-17 07:00;10.0
354190160;B00714A;2024-10-17 09:00;12.0
354190160;B00714A;2024-10-17 12:00;14.0
354190160;B00714A;2024-10-17 13:00;12.0
354190160;B00714A;2024-10-17 14:00;12.0
354190160;B00714A;2024-10-17 15:00;9.0
354190160;B00714A;2024-10-17 19:00;12.0
354190160;B00714A;2024-10-17 20:00;12.0
354190160;B00714A;2024-10-18 17:00;11.0
354190160;B00714A;2024-10-18 18:00;10.0
354190160;B00714A;2024-10-19 07:00;10.0
354190160;B00714A;2024-10-19 08:00;10.0
354190160;B00714A;2024-10-19 12:00;11.0
354190160;B00714A;2024-10-19 13:00;9.0
354180135;B00714A;2024-10-13 10:00;13.0
354180135;B00714A;2024-10-13 11:00;13.0
354180135;B00714A;2024-10-13 23:00;12.0
354180135;B00714A;2024-10-14 00:00;12.0
354180135;B00714A;2024-10-14 01:00;13.0
354180135;B00714A;2024-10-14 02:00;11.0
354180135;B00714A;2024-10-14 05:00;10.0
354180135;B00714A;2024-10-16 20:00;12.0
354180135;B00714A;2024-10-16 22:00;11.0
354180135;B00714A;2024-10-16 23:00;12.0
354180135;B00714A;2024-10-17 00:00;11.0
354180135;B00714A;2024-10-17 01:00;11.0
354180135;B00714A;2024-10-17 03:00;11.0
354180135;B00714A;2024-10-17 04:00;13.0
354180135;B00714A;2024-10-17 05:00;11.0
354180135;B00714A;2024-10-17 06:00;12.0
354180135;B00714A;2024-10-17 07:00;12.0
354180135;B00714A;2024-10-17 08:00;12.0
354180135;B00714A;2024-10-17 09:00;13.0
354180135;B00714A;2024-10-17 10:00;11.0
354180135;B00714A;2024-10-17 11:00;12.0
354180135;B00714A;2024-10-17 15:00;12.0
354180135;B00714A;2024-10-17 16:00;11.0
354180135;B00714A;2024-10-17 17:00;12.0
354180135;B00714A;2024-10-17 18:00;14.0
354180135;B00714A;2024-10-17 19:00;13.0
354180135;B00714A;2024-10-17 20:00;11.0
354180135;B00714A;2024-10-17 21:00;12.0
354180135;B00714A;2024-10-17 22:00;11.0
354180135;B00714A;2024-10-17 23:00;12.0
354180135;B00714A;2024-10-18 02:00;11.0
354180135;B00714A;2024-10-18 03:00;10.0
354180135;B00714A;2024-10-18 05:00;11.0
354180135;B00714A;2024-10-18 06:00;11.0
354180135;B00714A;2024-10-18 22:00;10.0
354180135;B00714A;2024-10-19 05:00;10.0
354180135;B00714A;2024-10-19 06:00;10.0
354180135;B00714A;2024-10-19 08:00;11.0
354150100;B00714A;2024-10-13 12:00;12.0
354150100;B00714A;2024-10-14 02:00;14.0
354150100;B00714A;2024-10-14 03:00;16.0
354150100;B00714A;2024-10-14 04:00;13.0
354150100;B00714A;2024-10-14 06:00;10.0
354150100;B00714A;2024-10-14 07:00;8.0
354150100;B00714A;2024-10-15 03:00;15.0
354150100;B00714A;2024-10-16 11:00;11.0
354150100;B00714A;2024-10-16 12:00;12.0
354150100;B00714A;2024-10-16 13:00;13.0
354150100;B00714A;2024-10-16 14:00;12.0
354150100;B00714A;2024-10-16 15:00;11.0
354150100;B00714A;2024-10-16 20:00;12.0
354150100;B00714A;2024-10-16 21:00;12.0
354150100;B00714A;2024-10-16 22:00;12.0
354150100;B00714A;2024-10-17 00:00;12.0
354150100;B00714A;2024-10-17 01:00;11.0
354150100;B00714A;2024-10-17 03:00;10.0
354150100;B00714A;2024-10-17 04:00;12.0
354150100;B00714A;2024-10-17 05:00;12.0
354150100;B00714A;2024-10-17 06:00;13.0
354150100;B00714A;2024-10-17 07:00;13.0
354150100;B00714A;2024-10-17 08:00;13.0
354150100;B00714A;2024-10-17 09:00;14.0
354150100;B00714A;2024-10-17 10:00;13.0
354150100;B00714A;2024-10-17 11:00;13.0
354150100;B00714A;2024-10-17 15:00;11.0
354150100;B00714A;2024-10-17 17:00;10.0
354150100;B00714A;2024-10-17 18:00;11.0
354150100;B00714A;2024-10-17 19:00;11.0
354150100;B00714A;2024-10-17 21:00;10.0
354150100;B00714A;2024-10-17 22:00;10.0
354150100;B00714A;2024-10-17 23:00;11.0
354150100;B00714A;2024-10-18 00:00;10.0
354150100;B00714A;2024-10-18 02:00;10.0
354150100;B00714A;2024-10-18 03:00;11.0
354150100;B00714A;2024-10-18 04:00;11.0
354150100;B00714A;2024-10-18 11:00;10.0
354150100;B00714A;2024-10-18 13:00;10.0
354150100;B00714A;2024-10-18 14:00;10.0
354150100;B00714A;2024-10-19 09:00;11.0
354150100;B00714A;2024-10-19 10:00;10.0
354150100;B00714A;2024-10-19 11:00;11.0
354170120;B00714A;2024-10-13 22:00;12.0
354170120;B00714A;2024-10-13 23:00;11.0
354170120;B00714A;2024-10-14 00:00;11.0
354170120;B00714A;2024-10-14 01:00;13.0
354170120;B00714A;2024-10-15 03:00;11.0
354170120;B00714A;2024-10-17 08:00;12.0
354170120;B00714A;2024-10-17 09:00;15.0
354170120;B00714A;2024-10-17 10:00;13.0
354170120;B00714A;2024-10-17 12:00;13.0
353140205;B00714A;2024-10-13 10:00;12.0
353140205;B00714A;2024-10-13 11:00;10.0
353140205;B00714A;2024-10-13 13:00;11.0
353140205;B00714A;2024-10-13 14:00;12.0
353140205;B00714A;2024-10-13 15:00;13.0
353140205;B00714A;2024-10-13 16:00;11.0
353140205;B00714A;2024-10-13 19:00;9.0
353140205;B00714A;2024-10-13 20:00;11.0
353140205;B00714A;2024-10-13 21:00;10.0
353140205;B00714A;2024-10-14 03:00;10.0
353140205;B00714A;2024-10-14 04:00;9.0
353140205;B00714A;2024-10-16 11:00;12.0
353140205;B00714A;2024-10-16 14:00;14.0
353140200;B00714A;2024-10-13 10:00;10.0
353140200;B00714A;2024-10-13 11:00;12.0
353140200;B00714A;2024-10-13 12:00;10.0
353140200;B00714A;2024-10-13 13:00;9.0
353140200;B00714A;2024-10-13 14:00;9.0
353140200;B00714A;2024-10-13 16:00;9.0
353140200;B00714A;2024-10-13 19:00;9.0
353140200;B00714A;2024-10-13 21:00;10.0
353140200;B00714A;2024-10-13 22:00;9.0
353140200;B00714A;2024-10-13 23:00;10.0
353140200;B00714A;2024-10-14 00:00;10.0
353140200;B00714A;2024-10-14 01:00;11.0
353140200;B00714A;2024-10-14 03:00;10.0
353140200;B00714A;2024-10-14 04:00;11.0
353140200;B00714A;2024-10-14 05:00;10.0
353140200;B00714A;2024-10-14 06:00;10.0
353140200;B00714A;2024-10-14 07:00;10.0
353140200;B00714A;2024-10-14 11:00;8.0
353140200;B00714A;2024-10-14 12:00;9.0
353140200;B00714A;2024-10-16 09:00;9.0
353140200;B00714A;2024-10-16 10:00;8.0
353140200;B00714A;2024-10-16 11:00;11.0
353140200;B00714A;2024-10-16 12:00;11.0
353140200;B00714A;2024-10-16 13:00;9.0
353140200;B00714A;2024-10-16 14:00;10.0
353140200;B00714A;2024-10-16 15:00;9.0
353140200;B00714A;2024-10-16 18:00;10.0
353140200;B00714A;2024-10-16 19:00;10.0
353140200;B00714A;2024-10-16 20:00;12.0
353140200;B00714A;2024-10-16 21:00;12.0
353140200;B00714A;2024-10-16 22:00;15.0
353140200;B00714A;2024-10-16 23:00;11.0
353140200;B00714A;2024-10-17 00:00;11.0
353140200;B00714A;2024-10-17 02:00;9.0
353140200;B00714A;2024-10-17 03:00;12.0
353140200;B00714A;2024-10-17 04:00;14.0
353140200;B00714A;2024-10-17 05:00;14.0
353140200;B00714A;2024-10-17 06:00;12.0
353140200;B00714A;2024-10-17 07:00;14.0
353140200;B00714A;2024-10-17 08:00;13.0
353140200;B00714A;2024-10-17 09:00;11.0
353140200;B00714A;2024-10-17 10:00;13.0
353140200;B00714A;2024-10-17 11:00;13.0
353140200;B00714A;2024-10-17 12:00;12.0
353140200;B00714A;2024-10-17 13:00;11.0
353140200;B00714A;2024-10-17 14:00;11.0
353140200;B00714A;2024-10-17 21:00;10.0
353140200;B00714A;2024-10-19 01:00;10.0
353140200;B00714A;2024-10-19 05:00;10.0
353140200;B00714A;2024-10-19 06:00;9.0
353140200;B00714A;2024-10-19 07:00;9.0
353140200;B00714A;2024-10-19 12:00;9.0
354160115;B00714A;2024-10-13 12:00;12.0
354160115;B00714A;2024-10-13 16:00;12.0
354160115;B00714A;2024-10-13 20:00;18.0
354160115;B00714A;2024-10-16 11:00;9.0
354160115;B00714A;2024-10-16 12:00;9.0
354160115;B00714A;2024-10-16 13:00;11.0
354160115;B00714A;2024-10-16 19:00;12.0
354160115;B00714A;2024-10-16 20:00;12.0
354160115;B00714A;2024-10-17 00:00;13.0
354160115;B00714A;2024-10-17 06:00;10.0
354160115;B00714A;2024-10-17 08:00;12.0
354160115;B00714A;2024-10-17 09:00;14.0
354160115;B00714A;2024-10-17 10:00;13.0
354160115;B00714A;2024-10-17 11:00;12.0
354160115;B00714A;2024-10-17 12:00;14.0
354160115;B00714A;2024-10-17 13:00;12.0
354160115;B00714A;2024-10-19 04:00;11.0
350190550;B00714A;2024-10-13 11:00;11.0
350190550;B00714A;2024-10-13 15:00;7.0
350190550;B00714A;2024-10-13 17:00;7.0
350190550;B00714A;2024-10-13 18:00;7.0
350190550;B00714A;2024-10-13 23:00;7.0
350190550;B00714A;2024-10-14 05:00;8.0
350190550;B00714A;2024-10-14 06:00;8.0
350190550;B00714A;2024-10-14 10:00;8.0
350190550;B00714A;2024-10-14 13:00;8.0
353210280;B00714A;2024-10-13 10:00;12.0
353210280;B00714A;2024-10-14 06:00;10.0
353210280;B00714A;2024-10-14 07:00;9.0
353210280;B00714A;2024-10-14 09:00;10.0
353210280;B00714A;2024-10-14 10:00;12.0
353210280;B00714A;2024-10-14 15:00;9.0
353210280;B00714A;2024-10-14 16:00;8.0
353210280;B00714A;2024-10-17 11:00;10.0
353210280;B00714A;2024-10-17 12:00;11.0
353210280;B00714A;2024-10-17 21:00;10.0
353210280;B00714A;2024-10-19 10:00;11.0
354220195;B00714A;2024-10-13 12:00;11.0
354220195;B00714A;2024-10-13 15:00;9.0
354220195;B00714A;2024-10-14 11:00;10.0
354220195;B00714A;2024-10-17 09:00;8.0
354220195;B00714A;2024-10-19 09:00;8.0
349190600;B00714A;2024-10-13 14:00;12.0
349190600;B00714A;2024-10-13 16:00;13.0
349190600;B00714A;2024-10-13 22:00;15.0
349190600;B00714A;2024-10-14 01:00;13.0
349190600;B00714A;2024-10-14 05:00;12.0
350170530;B00714A;2024-10-13 18:00;9.0
350170530;B00714A;2024-10-14 00:00;8.0
350170530;B00714A;2024-10-14 01:00;12.0
350170530;B00714A;2024-10-14 03:00;10.0
350170530;B00714A;2024-10-17 12:00;10.0
350180540;B00714A;2024-10-13 12:00;16.0
350190566;B00714A;2024-10-13 13:00;11.0
350190566;B00714A;2024-10-18 19:00;9.0
349190625;B00714A;2024-10-13 15:00;10.0
352150300;B00714A;2024-10-13 10:00;13.0
352150300;B00714A;2024-10-13 13:00;11.0
352150300;B00714A;2024-10-13 14:00;15.0
352150300;B00714A;2024-10-13 15:00;10.0
352150300;B00714A;2024-10-13 16:00;11.0
352150300;B00714A;2024-10-13 20:00;12.0
352150300;B00714A;2024-10-13 23:00;10.0
352150300;B00714A;2024-10-16 10:00;8.0
352150300;B00714A;2024-10-16 12:00;10.0
352150300;B00714A;2024-10-16 13:00;11.0
352150300;B00714A;2024-10-17 12:00;10.0
352150300;B00714A;2024-10-17 15:00;9.0
351180435;B00714A;2024-10-13 10:00;14.0
351180435;B00714A;2024-10-13 12:00;13.0
351180435;B00714A;2024-10-13 13:00;13.0
351180435;B00714A;2024-10-13 16:00;14.0
351180435;B00714A;2024-10-13 18:00;14.0
351180435;B00714A;2024-10-13 19:00;13.0
351180435;B00714A;2024-10-13 20:00;13.0
351180435;B00714A;2024-10-13 21:00;13.0
351180435;B00714A;2024-10-13 22:00;12.0
351180435;B00714A;2024-10-13 23:00;14.0
351180435;B00714A;2024-10-17 02:00;9.0
351180435;B00714A;2024-10-17 08:00;11.0
352180345;B00714A;2024-10-13 13:00;13.0
352180345;B00714A;2024-10-13 20:00;15.0
352180345;B00714A;2024-10-13 23:00;14.0
352180345;B00714A;2024-10-14 00:00;12.0
352180345;B00714A;2024-10-14 01:00;13.0
352180345;B00714A;2024-10-14 03:00;15.0
353160230;B00714A;2024-10-13 12:00;10.0
353160230;B00714A;2024-10-13 13:00;9.0
353160230;B00714A;2024-10-13 16:00;8.0
353160230;B00714A;2024-10-13 18:00;9.0
353160230;B00714A;2024-10-14 00:00;9.0
353160230;B00714A;2024-10-14 03:00;9.0
353160230;B00714A;2024-10-14 11:00;8.0
353160230;B00714A;2024-10-16 12:00;9.0
353160230;B00714A;2024-10-16 14:00;10.0
353160230;B00714A;2024-10-17 07:00;8.0
353160230;B00714A;2024-10-17 11:00;9.0
353160230;B00714A;2024-10-17 13:00;9.0
353160230;B00714A;2024-10-17 14:00;10.0
353160230;B00714A;2024-10-17 15:00;8.0
352160330;B00714A;2024-10-13 13:00;15.0
352160330;B00714A;2024-10-13 23:00;13.0
352160330;B00714A;2024-10-14 00:00;14.0
352160330;B00714A;2024-10-14 03:00;12.0
352160330;B00714A;2024-10-17 09:00;12.0
352140310;B00714A;2024-10-13 10:00;11.0
352140310;B00714A;2024-10-13 13:00;12.0
352140310;B00714A;2024-10-13 14:00;12.0
352140310;B00714A;2024-10-13 15:00;12.0
352140310;B00714A;2024-10-13 17:00;12.0
352140310;B00714A;2024-10-13 18:00;13.0
352140310;B00714A;2024-10-13 19:00;12.0
352140310;B00714A;2024-10-13 21:00;11.0
352140310;B00714A;2024-10-16 10:00;12.0
351180455;B00714A;2024-10-13 14:00;13.0
351180455;B00714A;2024-10-13 15:00;12.0
351180455;B00714A;2024-10-13 17:00;10.0
351180455;B00714A;2024-10-13 18:00;9.0
351180455;B00714A;2024-10-13 19:00;10.0
351180455;B00714A;2024-10-13 20:00;10.0
351180455;B00714A;2024-10-13 21:00;13.0
351180455;B00714A;2024-10-14 02:00;11.0
351180455;B00714A;2024-10-14 05:00;10.0
351180455;B00714A;2024-10-14 06:00;10.0
353170235;B00714A;2024-10-13 12:00;10.0
353170235;B00714A;2024-10-13 18:00;14.0
353170235;B00714A;2024-10-13 19:00;10.0
353170235;B00714A;2024-10-13 20:00;11.0
353170235;B00714A;2024-10-13 21:00;10.0
353170235;B00714A;2024-10-13 22:00;9.0
353170235;B00714A;2024-10-14 02:00;10.0
353170235;B00714A;2024-10-14 03:00;10.0
353170235;B00714A;2024-10-14 05:00;9.0
353170235;B00714A;2024-10-16 23:00;9.0
353170235;B00714A;2024-10-17 08:00;10.0
353170235;B00714A;2024-10-17 10:00;13.0
353170235;B00714A;2024-10-17 11:00;12.0
353170235;B00714A;2024-10-17 13:00;11.0
353170235;B00714A;2024-10-17 14:00;11.0
353170235;B00714A;2024-10-17 15:00;11.0
354160105;B00714A;2024-10-13 11:00;10.0
354160105;B00714A;2024-10-13 16:00;14.0
354160105;B00714A;2024-10-13 17:00;12.0
354160105;B00714A;2024-10-13 18:00;12.0
354160105;B00714A;2024-10-13 19:00;14.0
354160105;B00714A;2024-10-13 21:00;11.0
354160105;B00714A;2024-10-13 23:00;12.0
354160105;B00714A;2024-10-14 00:00;12.0
354160105;B00714A;2024-10-16 12:00;10.0
354160105;B00714A;2024-10-16 14:00;10.0
354160105;B00714A;2024-10-16 19:00;10.0
354160105;B00714A;2024-10-16 21:00;9.0
354160105;B00714A;2024-10-16 23:00;10.0
354160105;B00714A;2024-10-17 00:00;11.0
354160105;B00714A;2024-10-17 01:00;11.0
354160105;B00714A;2024-10-17 05:00;10.0
354160105;B00714A;2024-10-17 07:00;12.0
354160105;B00714A;2024-10-17 08:00;13.0
354160105;B00714A;2024-10-17 09:00;11.0
354160105;B00714A;2024-10-17 10:00;11.0
354160105;B00714A;2024-10-17 12:00;13.0
354160105;B00714A;2024-10-17 13:00;12.0
352200375;B00714A;2024-10-13 13:00;10.0
352200375;B00714A;2024-10-13 18:00;9.0
352200375;B00714A;2024-10-13 20:00;9.0
352200375;B00714A;2024-10-13 21:00;10.0
352200375;B00714A;2024-10-13 22:00;12.0
352200375;B00714A;2024-10-13 23:00;13.0
352200375;B00714A;2024-10-14 00:00;14.0
352200375;B00714A;2024-10-14 01:00;13.0
352200375;B00714A;2024-10-14 02:00;13.0
352200375;B00714A;2024-10-14 03:00;14.0
352200375;B00714A;2024-10-14 04:00;15.0
352200375;B00714A;2024-10-14 05:00;11.0
352200375;B00714A;2024-10-14 06:00;13.0
352200375;B00714A;2024-10-14 08:00;11.0
352200375;B00714A;2024-10-14 10:00;11.0
352200375;B00714A;2024-10-14 11:00;11.0
352200375;B00714A;2024-10-14 12:00;11.0
352200375;B00714A;2024-10-17 15:00;12.0
352200375;B00714A;2024-10-18 19:00;9.0
350150500;B00714A;2024-10-13 11:00;14.0
350150500;B00714A;2024-10-13 12:00;14.0
350150500;B00714A;2024-10-13 13:00;16.0
350150500;B00714A;2024-10-13 14:00;15.0
350150500;B00714A;2024-10-13 17:00;12.0
350150500;B00714A;2024-10-13 18:00;12.0
350150500;B00714A;2024-10-13 19:00;12.0
350150500;B00714A;2024-10-13 20:00;13.0
350150500;B00714A;2024-10-13 21:00;11.0
350150500;B00714A;2024-10-13 23:00;12.0
350150500;B00714A;2024-10-14 00:00;10.0
350150500;B00714A;2024-10-14 01:00;10.0
350150500;B00714A;2024-10-14 02:00;12.0
350150500;B00714A;2024-10-16 17:00;11.0
350150500;B00714A;2024-10-16 19:00;12.0
350150500;B00714A;2024-10-16 20:00;13.0
350150500;B00714A;2024-10-16 21:00;15.0
350150500;B00714A;2024-10-16 22:00;15.0
350150500;B00714A;2024-10-16 23:00;16.0
350150500;B00714A;2024-10-17 00:00;13.0
350150500;B00714A;2024-10-17 01:00;15.0
350150500;B00714A;2024-10-17 02:00;19.0
350150500;B00714A;2024-10-17 03:00;15.0
350150500;B00714A;2024-10-17 06:00;12.0
350150500;B00714A;2024-10-18 12:00;12.0
350150500;B00714A;2024-10-18 20:00;9.0
350160520;B00714A;2024-10-13 10:00;15.0
350160520;B00714A;2024-10-13 12:00;11.0
350160520;B00714A;2024-10-13 13:00;12.0
350160520;B00714A;2024-10-13 14:00;13.0
350160520;B00714A;2024-10-13 15:00;11.0
350160520;B00714A;2024-10-13 16:00;13.0
350160520;B00714A;2024-10-13 18:00;11.0
350160520;B00714A;2024-10-13 22:00;13.0
350160520;B00714A;2024-10-17 01:00;8.0
350160520;B00714A;2024-10-17 06:00;13.0
350160520;B00714A;2024-10-17 08:00;19.0
350160520;B00714A;2024-10-17 09:00;19.0
350160520;B00714A;2024-10-17 11:00;15.0
350160520;B00714A;2024-10-17 12:00;16.0
350160520;B00714A;2024-10-17 13:00;15.0
350160520;B00714A;2024-10-17 18:00;12.0
350160520;B00714A;2024-10-17 19:00;16.0
350160520;B00714A;2024-10-17 20:00;14.0
350160520;B00714A;2024-10-17 21:00;12.0
350160520;B00714A;2024-10-17 22:00;14.0
350160520;B00714A;2024-10-18 03:00;17.0
350160520;B00714A;2024-10-18 04:00;14.0
350160520;B00714A;2024-10-18 05:00;13.0
350160520;B00714A;2024-10-18 06:00;15.0
350160520;B00714A;2024-10-18 07:00;13.0
350160520;B00714A;2024-10-18 09:00;14.0
350160520;B00714A;2024-10-18 10:00;15.0
350160520;B00714A;2024-10-18 11:00;14.0
350160520;B00714A;2024-10-18 12:00;14.0
350160520;B00714A;2024-10-18 13:00;13.0
350160520;B00714A;2024-10-18 20:00;15.0
350160520;B00714A;2024-10-18 21:00;14.0
350160520;B00714A;2024-10-18 22:00;14.0
350160520;B00714A;2024-10-19 00:00;14.0
350160520;B00714A;2024-10-19 03:00;15.0
350160520;B00714A;2024-10-19 10:00;13.0
351160415;B00714A;2024-10-13 12:00;17.0
351160415;B00714A;2024-10-13 13:00;17.0
351160415;B00714A;2024-10-13 14:00;17.0
351160415;B00714A;2024-10-13 16:00;13.0
351160415;B00714A;2024-10-13 18:00;16.0
351160415;B00714A;2024-10-13 21:00;12.0
351160415;B00714A;2024-10-13 22:00;13.0
351160415;B00714A;2024-10-14 09:00;11.0
351160415;B00714A;2024-10-16 13:00;11.0
351160415;B00714A;2024-10-19 07:00;10.0
351160415;B00714A;2024-10-19 08:00;12.0
351160418;B00714A;2024-10-13 10:00;12.0
351160418;B00714A;2024-10-13 12:00;16.0
351160418;B00714A;2024-10-13 13:00;13.0
351160418;B00714A;2024-10-13 14:00;18.0
351160418;B00714A;2024-10-13 16:00;11.0
351160418;B00714A;2024-10-13 18:00;11.0
351160418;B00714A;2024-10-13 19:00;14.0
351160418;B00714A;2024-10-13 21:00;13.0
351160418;B00714A;2024-10-14 00:00;14.0
351160418;B00714A;2024-10-14 02:00;11.0
351160418;B00714A;2024-10-16 13:00;10.0
351160418;B00714A;2024-10-16 14:00;9.0
351160418;B00714A;2024-10-17 09:00;11.0
351160418;B00714A;2024-10-17 10:00;10.0
351160418;B00714A;2024-10-17 12:00;10.0
351160418;B00714A;2024-10-18 13:00;9.0
350150510;B00714A;2024-10-13 10:00;30.0
350150510;B00714A;2024-10-13 11:00;25.0
350150510;B00714A;2024-10-13 12:00;29.0
350150510;B00714A;2024-10-13 13:00;29.0
350150510;B00714A;2024-10-13 14:00;32.0
350150510;B00714A;2024-10-13 15:00;32.0
350150510;B00714A;2024-10-13 16:00;32.0
350150510;B00714A;2024-10-13 17:00;32.0
350150510;B00714A;2024-10-13 18:00;27.0
350150510;B00714A;2024-10-13 19:00;29.0
350150510;B00714A;2024-10-13 20:00;31.0
350150510;B00714A;2024-10-13 21:00;29.0
350150510;B00714A;2024-10-13 22:00;28.0
350150510;B00714A;2024-10-13 23:00;28.0
350150510;B00714A;2024-10-14 00:00;26.0
350150510;B00714A;2024-10-14 01:00;25.0
350150510;B00714A;2024-10-14 02:00;26.0
350150510;B00714A;2024-10-14 03:00;22.0
350150510;B00714A;2024-10-14 04:00;26.0
350150510;B00714A;2024-10-14 05:00;25.0
350150510;B00714A;2024-10-14 09:00;16.0
350150510;B00714A;2024-10-16 12:00;22.0
350150510;B00714A;2024-10-16 13:00;23.0
350150510;B00714A;2024-10-16 14:00;22.0
350150510;B00714A;2024-10-16 15:00;23.0
350150510;B00714A;2024-10-16 16:00;22.0
350150510;B00714A;2024-10-16 19:00;28.0
350150510;B00714A;2024-10-16 20:00;29.0
350150510;B00714A;2024-10-16 21:00;31.0
350150510;B00714A;2024-10-16 22:00;30.0
350150510;B00714A;2024-10-16 23:00;34.0
350150510;B00714A;2024-10-17 00:00;35.0
350150510;B00714A;2024-10-17 01:00;34.0
350150510;B00714A;2024-10-17 02:00;33.0
350150510;B00714A;2024-10-17 03:00;33.0
350150510;B00714A;2024-10-17 04:00;32.0
350150510;B00714A;2024-10-17 05:00;31.0
350150510;B00714A;2024-10-17 08:00;26.0
350150510;B00714A;2024-10-17 10:00;26.0
350150510;B00714A;2024-10-18 03:00;26.0
350150510;B00714A;2024-10-18 05:00;27.0
350150510;B00714A;2024-10-18 06:00;30.0
350150510;B00714A;2024-10-18 07:00;31.0
350150510;B00714A;2024-10-18 08:00;32.0
350150510;B00714A;2024-10-18 09:00;30.0
350150510;B00714A;2024-10-18 10:00;30.0
350150510;B00714A;2024-10-18 11:00;30.0
350150510;B00714A;2024-10-18 12:00;28.0
350150510;B00714A;2024-10-18 13:00;28.0
350150510;B00714A;2024-10-18 14:00;27.0
350150510;B00714A;2024-10-18 15:00;28.0
350150510;B00714A;2024-10-18 16:00;26.0
350150510;B00714A;2024-10-18 17:00;24.0
351160424;B00714A;2024-10-13 11:00;12.0
351160424;B00714A;2024-10-13 12:00;14.0
351160424;B00714A;2024-10-13 14:00;16.0
351160424;B00714A;2024-10-13 15:00;13.0
351160424;B00714A;2024-10-13 16:00;14.0
351160424;B00714A;2024-10-13 20:00;15.0
351160424;B00714A;2024-10-13 21:00;14.0
351160424;B00714A;2024-10-13 22:00;14.0
351160424;B00714A;2024-10-13 23:00;13.0
351160424;B00714A;2024-10-14 01:00;12.0
351160424;B00714A;2024-10-14 08:00;11.0
351150400;B00714A;2024-10-13 10:00;14.0
351150400;B00714A;2024-10-13 11:00;15.0
351150400;B00714A;2024-10-13 12:00;15.0
351150400;B00714A;2024-10-13 13:00;17.0
351150400;B00714A;2024-10-13 14:00;13.0
351150400;B00714A;2024-10-13 15:00;13.0
351150400;B00714A;2024-10-13 16:00;11.0
351150400;B00714A;2024-10-13 17:00;12.0
351150400;B00714A;2024-10-13 18:00;12.0
351150400;B00714A;2024-10-13 19:00;10.0
351150400;B00714A;2024-10-13 20:00;12.0
351150400;B00714A;2024-10-13 21:00;12.0
351150400;B00714A;2024-10-13 22:00;10.0
351150400;B00714A;2024-10-13 23:00;9.0
351150400;B00714A;2024-10-14 00:00;9.0
351150400;B00714A;2024-10-14 01:00;9.0
351150400;B00714A;2024-10-14 02:00;10.0
351150400;B00714A;2024-10-14 03:00;9.0
351150400;B00714A;2024-10-14 08:00;10.0
351150400;B00714A;2024-10-14 12:00;8.0
351150400;B00714A;2024-10-16 09:00;9.0
351150400;B00714A;2024-10-16 10:00;11.0
351150400;B00714A;2024-10-16 11:00;10.0
351150400;B00714A;2024-10-16 12:00;9.0
351150400;B00714A;2024-10-16 13:00;10.0
351150400;B00714A;2024-10-16 14:00;12.0
351150400;B00714A;2024-10-16 15:00;11.0
351150400;B00714A;2024-10-16 18:00;10.0
351150400;B00714A;2024-10-16 19:00;11.0
351150400;B00714A;2024-10-16 20:00;10.0
351150400;B00714A;2024-10-16 21:00;10.0
351150400;B00714A;2024-10-16 22:00;12.0
351150400;B00714A;2024-10-16 23:00;11.0
351150400;B00714A;2024-10-17 00:00;13.0
351150400;B00714A;2024-10-17 01:00;13.0
351150400;B00714A;2024-10-17 02:00;12.0
351150400;B00714A;2024-10-17 09:00;10.0
351150400;B00714A;2024-10-17 13:00;9.0
351150400;B00714A;2024-10-17 14:00;9.0
354180155;B00714A;2024-10-13 14:00;11.0
349200628;B00714A;2024-10-13 10:00;15.0
349200628;B00714A;2024-10-13 11:00;14.0
349200628;B00714A;2024-10-13 12:00;19.0
349200628;B00714A;2024-10-13 13:00;14.0
349200628;B00714A;2024-10-13 14:00;10.0
349200628;B00714A;2024-10-13 16:00;13.0
349200628;B00714A;2024-10-13 17:00;14.0
349200628;B00714A;2024-10-13 19:00;9.0
349200628;B00714A;2024-10-13 20:00;9.0
349200628;B00714A;2024-10-13 23:00;8.0
349200628;B00714A;2024-10-14 05:00;7.0
349200628;B00714A;2024-10-17 08:00;11.0
349210670;B00714A;2024-10-21 09:00;12.0
349210670;B00714A;2024-10-22 12:00;11.0
349210670;B00714A;2024-10-22 16:00;10.0
349220690;B00714A;2024-10-22 13:00;10.0
349190650;B00714A;2024-10-22 11:00;13.0
349190650;B00714A;2024-10-22 12:00;12.0
351210488;B00714A;2024-10-23 01:00;8.0
352190360;B00714A;2024-10-22 23:00;9.0
352220385;B00714A;2024-10-20 08:00;9.0
354170125;B00714A;2024-10-20 20:00;7.0
354170125;B00714A;2024-10-22 14:00;13.0
354170125;B00714A;2024-10-22 15:00;13.0
354170125;B00714A;2024-10-23 11:00;11.0
354170125;B00714A;2024-10-23 12:00;11.0
354170125;B00714A;2024-10-23 13:00;10.0
354170125;B00714A;2024-10-23 14:00;10.0
350230595;B00714A;2024-10-25 02:00;57.0
353180250;B00714A;2024-10-22 17:00;9.0
353200270;B00714A;2024-10-22 21:00;11.0
354210185;B00714A;2024-10-19 15:00;10.0
354210185;B00714A;2024-10-22 20:00;11.0
354210185;B00714A;2024-10-22 22:00;11.0
353200272;B00714A;2024-10-19 15:00;9.0
353200272;B00714A;2024-10-22 18:00;8.0
353200272;B00714A;2024-10-22 19:00;13.0
353230295;B00714A;2024-10-22 23:00;9.0
353230295;B00714A;2024-10-23 00:00;9.0
353230295;B00714A;2024-10-23 13:00;9.0
350190560;B00714A;2024-10-21 11:00;10.0
354190160;B00714A;2024-10-20 09:00;9.0
354190160;B00714A;2024-10-20 18:00;10.0
354190160;B00714A;2024-10-22 18:00;11.0
354190160;B00714A;2024-10-23 09:00;9.0
354190160;B00714A;2024-10-23 10:00;9.0
354180135;B00714A;2024-10-19 17:00;10.0
354180135;B00714A;2024-10-19 21:00;10.0
354180135;B00714A;2024-10-20 02:00;10.0
354180135;B00714A;2024-10-20 07:00;10.0
354180135;B00714A;2024-10-20 22:00;10.0
354180135;B00714A;2024-10-22 17:00;10.0
354180135;B00714A;2024-10-22 19:00;10.0
354180135;B00714A;2024-10-22 20:00;10.0
354150100;B00714A;2024-10-19 17:00;9.0
354150100;B00714A;2024-10-20 11:00;11.0
354150100;B00714A;2024-10-20 12:00;11.0
354150100;B00714A;2024-10-20 13:00;10.0
354150100;B00714A;2024-10-20 17:00;8.0
354150100;B00714A;2024-10-20 23:00;10.0
354150100;B00714A;2024-10-21 01:00;9.0
354150100;B00714A;2024-10-21 22:00;7.0
354150100;B00714A;2024-10-22 18:00;10.0
354150100;B00714A;2024-10-23 02:00;11.0
354150100;B00714A;2024-10-23 03:00;11.0
354150100;B00714A;2024-10-23 06:00;9.0
354150100;B00714A;2024-10-24 13:00;8.0
354150100;B00714A;2024-10-25 12:00;9.0
353140205;B00714A;2024-10-22 11:00;8.0
353140205;B00714A;2024-10-22 12:00;11.0
353140205;B00714A;2024-10-22 13:00;10.0
353140200;B00714A;2024-10-21 09:00;9.0
353140200;B00714A;2024-10-25 01:00;10.0
354160115;B00714A;2024-10-20 18:00;10.0
354160115;B00714A;2024-10-22 13:00;12.0
354160115;B00714A;2024-10-22 18:00;11.0
354160115;B00714A;2024-10-22 20:00;10.0
354160115;B00714A;2024-10-22 21:00;10.0
350190550;B00714A;2024-10-21 04:00;8.0
350190550;B00714A;2024-10-21 05:00;8.0
350190550;B00714A;2024-10-21 08:00;8.0
350190550;B00714A;2024-10-22 10:00;8.0
350190550;B00714A;2024-10-22 14:00;8.0
353210280;B00714A;2024-10-21 21:00;8.0
353210280;B00714A;2024-10-22 20:00;13.0
353210280;B00714A;2024-10-22 21:00;13.0
353210280;B00714A;2024-10-22 22:00;11.0
353210280;B00714A;2024-10-22 23:00;13.0
353210280;B00714A;2024-10-23 09:00;10.0
353210280;B00714A;2024-10-23 10:00;10.0
353210280;B00714A;2024-10-23 11:00;9.0
354220195;B00714A;2024-10-20 09:00;8.0
354220195;B00714A;2024-10-23 00:00;11.0
350170530;B00714A;2024-10-20 11:00;9.0
350170530;B00714A;2024-10-20 18:00;10.0
352150300;B00714A;2024-10-22 14:00;11.0
352180345;B00714A;2024-10-22 17:00;10.0
353160230;B00714A;2024-10-22 14:00;9.0
353160230;B00714A;2024-10-22 15:00;12.0
352140310;B00714A;2024-10-22 12:00;8.0
353170235;B00714A;2024-10-22 14:00;11.0
353170235;B00714A;2024-10-22 15:00;11.0
353170235;B00714A;2024-10-22 16:00;12.0
354160105;B00714A;2024-10-22 13:00;11.0
352200375;B00714A;2024-10-22 10:00;8.0
350150500;B00714A;2024-10-22 13:00;9.0
350160520;B00714A;2024-10-20 07:00;13.0
350160520;B00714A;2024-10-25 08:00;12.0
351160415;B00714A;2024-10-24 12:00;11.0
351160415;B00714A;2024-10-25 10:00;13.0
350150510;B00714A;2024-10-20 01:00;21.0
350150510;B00714A;2024-10-20 11:00;23.0
350150510;B00714A;2024-10-20 13:00;25.0
350150510;B00714A;2024-10-20 15:00;21.0
350150510;B00714A;2024-10-20 16:00;23.0
350150510;B00714A;2024-10-21 00:00;20.0
350150510;B00714A;2024-10-21 01:00;20.0
350150510;B00714A;2024-10-21 02:00;19.0
350150510;B00714A;2024-10-21 03:00;15.0
350150510;B00714A;2024-10-21 04:00;17.0
350150510;B00714A;2024-10-22 05:00;15.0
350150510;B00714A;2024-10-22 07:00;17.0
350150510;B00714A;2024-10-22 08:00;16.0
350150510;B00714A;2024-10-22 09:00;12.0
350150510;B00714A;2024-10-24 13:00;16.0
350150510;B00714A;2024-10-24 19:00;26.0
350150510;B00714A;2024-10-24 20:00;27.0
350150510;B00714A;2024-10-24 22:00;27.0
351150400;B00714A;2024-10-22 10:00;8.0
351150400;B00714A;2024-10-22 11:00;10.0
351150400;B00714A;2024-10-22 12:00;8.0
354180155;B00714A;2024-10-22 16:00;11.0
354180155;B00714A;2024-10-23 12:00;9.0
349200628;B00714A;2024-10-22 12:00;8.0
349200628;B00714A;2024-10-25 16:00;7.0
350200570;B00714A;2024-10-31 08:00;9.0
350200570;B00714A;2024-10-31 11:00;9.0
350200570;B00714A;2024-10-31 12:00;8.0
349210670;B00714A;2024-10-26 09:00;11.0
349210670;B00714A;2024-10-27 10:00;9.0
349210670;B00714A;2024-10-27 11:00;11.0
349220690;B00714A;2024-10-27 12:00;10.0
349220690;B00714A;2024-10-27 13:00;12.0
349200660;B00714A;2024-10-28 03:00;8.0
350220580;B00714A;2024-10-27 10:00;9.0
350210585;B00714A;2024-10-26 14:00;10.0
349190650;B00714A;2024-10-26 18:00;18.0
349190650;B00714A;2024-10-26 19:00;16.0
349190650;B00714A;2024-10-26 20:00;14.0
349190650;B00714A;2024-10-26 21:00;18.0
349190650;B00714A;2024-10-26 22:00;18.0
349190650;B00714A;2024-10-26 23:00;18.0
349190650;B00714A;2024-10-27 00:00;19.0
349190650;B00714A;2024-10-27 01:00;22.0
349190650;B00714A;2024-10-27 02:00;25.0
349190650;B00714A;2024-10-27 03:00;19.0
349190650;B00714A;2024-10-27 04:00;22.0
349190650;B00714A;2024-10-27 05:00;21.0
349190650;B00714A;2024-10-27 06:00;21.0
349190650;B00714A;2024-10-27 07:00;20.0
349190650;B00714A;2024-10-27 08:00;18.0
349190650;B00714A;2024-10-27 09:00;16.0
349190650;B00714A;2024-10-27 13:00;12.0
349190650;B00714A;2024-10-27 16:00;14.0
349190650;B00714A;2024-10-27 18:00;10.0
349190650;B00714A;2024-10-27 22:00;9.0
349190650;B00714A;2024-10-29 03:00;10.0
349190650;B00714A;2024-10-29 06:00;10.0
349190650;B00714A;2024-10-29 11:00;10.0
349190650;B00714A;2024-10-30 11:00;9.0
349190650;B00714A;2024-10-30 18:00;9.0
351210488;B00714A;2024-10-31 12:00;10.0
352190360;B00714A;2024-10-30 08:00;11.0
352190360;B00714A;2024-10-30 09:00;10.0
352190360;B00714A;2024-10-30 13:00;10.0
352190360;B00714A;2024-10-30 16:00;12.0
352190360;B00714A;2024-10-30 17:00;14.0
352190360;B00714A;2024-10-30 18:00;12.0
352190360;B00714A;2024-10-31 11:00;11.0
352190360;B00714A;2024-10-31 13:00;11.0
352190360;B00714A;2024-10-31 14:00;11.0
352190360;B00714A;2024-10-31 19:00;15.0
352190360;B00714A;2024-10-31 20:00;14.0
352190360;B00714A;2024-10-31 21:00;12.0
352190360;B00714A;2024-10-31 23:00;14.0
352220385;B00714A;2024-10-30 21:00;10.0
352220385;B00714A;2024-10-31 00:00;10.0
351220495;B00714A;2024-10-28 03:00;9.0
351220495;B00714A;2024-10-31 13:00;10.0
351220495;B00714A;2024-10-31 19:00;9.0
354170125;B00714A;2024-10-30 12:00;12.0
354170125;B00714A;2024-10-30 14:00;12.0
354170125;B00714A;2024-10-30 16:00;10.0
354170125;B00714A;2024-10-31 13:00;13.0
354170125;B00714A;2024-10-31 15:00;16.0
354170125;B00714A;2024-10-31 17:00;12.0
354170125;B00714A;2024-10-31 20:00;14.0
354170125;B00714A;2024-10-31 22:00;14.0
354170125;B00714A;2024-10-31 23:00;14.0
351190469;B00714A;2024-10-30 14:00;10.0
351190469;B00714A;2024-10-31 23:00;12.0
350230595;B00714A;2024-10-26 03:00;17.0
353150210;B00714A;2024-10-31 13:00;12.0
353150210;B00714A;2024-10-31 14:00;11.0
353180250;B00714A;2024-10-30 13:00;9.0
353180250;B00714A;2024-10-30 17:00;12.0
353180250;B00714A;2024-10-30 22:00;8.0
353180250;B00714A;2024-10-31 11:00;9.0
353180250;B00714A;2024-10-31 14:00;8.0
353180250;B00714A;2024-10-31 15:00;8.0
353180250;B00714A;2024-10-31 16:00;9.0
353180250;B00714A;2024-10-31 17:00;10.0
353180250;B00714A;2024-10-31 18:00;12.0
353180250;B00714A;2024-10-31 19:00;10.0
353180250;B00714A;2024-10-31 20:00;9.0
353180250;B00714A;2024-10-31 21:00;9.0
353180250;B00714A;2024-10-31 22:00;10.0
353180250;B00714A;2024-10-31 23:00;10.0
353200270;B00714A;2024-10-27 21:00;9.0
353200270;B00714A;2024-10-31 20:00;15.0
353200270;B00714A;2024-10-31 21:00;13.0
353200270;B00714A;2024-10-31 22:00;13.0
354210185;B00714A;2024-10-27 23:00;10.0
354210185;B00714A;2024-10-30 19:00;11.0
353200272;B00714A;2024-10-30 09:00;8.0
353200272;B00714A;2024-10-30 12:00;9.0
353200272;B00714A;2024-10-30 13:00;10.0
353200272;B00714A;2024-10-30 14:00;10.0
353200272;B00714A;2024-10-30 20:00;11.0
353200272;B00714A;2024-10-31 15:00;9.0
353200272;B00714A;2024-10-31 18:00;10.0
353200272;B00714A;2024-10-31 19:00;9.0
353200272;B00714A;2024-10-31 20:00;9.0
353200272;B00714A;2024-10-31 22:00;9.0
353230295;B00714A;2024-10-28 03:00;10.0
353230295;B00714A;2024-10-31 08:00;8.0
353230295;B00714A;2024-10-31 15:00;9.0
354190160;B00714A;2024-10-30 09:00;12.0
354190160;B00714A;2024-10-30 13:00;9.0
354190160;B00714A;2024-10-30 16:00;8.0
354190160;B00714A;2024-10-30 17:00;8.0
354190160;B00714A;2024-10-30 18:00;11.0
354190160;B00714A;2024-10-30 19:00;8.0
354190160;B00714A;2024-10-31 17:00;11.0
354190160;B00714A;2024-10-31 19:00;16.0
354190160;B00714A;2024-10-31 20:00;14.0
354190160;B00714A;2024-10-31 21:00;13.0
354190160;B00714A;2024-10-31 22:00;10.0
354180135;B00714A;2024-10-27 20:00;10.0
354180135;B00714A;2024-10-28 00:00;11.0
354180135;B00714A;2024-10-28 01:00;9.0
354180135;B00714A;2024-10-30 09:00;11.0
354180135;B00714A;2024-10-30 12:00;13.0
354180135;B00714A;2024-10-30 13:00;16.0
354180135;B00714A;2024-10-30 14:00;9.0
354180135;B00714A;2024-10-30 15:00;13.0
354180135;B00714A;2024-10-30 16:00;10.0
354180135;B00714A;2024-10-30 17:00;17.0
354180135;B00714A;2024-10-30 19:00;11.0
354180135;B00714A;2024-10-31 09:00;11.0
354180135;B00714A;2024-10-31 13:00;12.0
354180135;B00714A;2024-10-31 15:00;12.0
354180135;B00714A;2024-10-31 17:00;15.0
354180135;B00714A;2024-10-31 18:00;14.0
354180135;B00714A;2024-10-31 19:00;14.0
354180135;B00714A;2024-10-31 20:00;16.0
354180135;B00714A;2024-10-31 21:00;15.0
354180135;B00714A;2024-10-31 22:00;15.0
354180135;B00714A;2024-10-31 23:00;17.0
354150100;B00714A;2024-10-29 01:00;8.0
354150100;B00714A;2024-10-29 04:00;7.0
354150100;B00714A;2024-10-29 05:00;9.0
354150100;B00714A;2024-10-29 06:00;10.0
354150100;B00714A;2024-10-29 09:00;8.0
354150100;B00714A;2024-10-29 22:00;9.0
354150100;B00714A;2024-10-29 23:00;9.0
354150100;B00714A;2024-10-30 01:00;12.0
354150100;B00714A;2024-10-30 02:00;9.0
354150100;B00714A;2024-10-30 03:00;10.0
354150100;B00714A;2024-10-30 08:00;13.0
354150100;B00714A;2024-10-31 08:00;12.0
354150100;B00714A;2024-10-31 09:00;9.0
354150100;B00714A;2024-10-31 13:00;12.0
354150100;B00714A;2024-10-31 15:00;11.0
354150100;B00714A;2024-10-31 16:00;11.0
354150100;B00714A;2024-10-31 17:00;14.0
354150100;B00714A;2024-10-31 18:00;12.0
354150100;B00714A;2024-10-31 19:00;10.0
354150100;B00714A;2024-10-31 20:00;10.0
354150100;B00714A;2024-10-31 21:00;12.0
354150100;B00714A;2024-10-31 22:00;11.0
354150100;B00714A;2024-10-31 23:00;12.0
354170120;B00714A;2024-10-27 16:00;13.0
354170120;B00714A;2024-10-30 14:00;14.0
354170120;B00714A;2024-10-30 18:00;13.0
354170120;B00714A;2024-10-30 20:00;12.0
354170120;B00714A;2024-10-31 03:00;11.0
354170120;B00714A;2024-10-31 17:00;19.0
354170120;B00714A;2024-10-31 19:00;18.0
354170120;B00714A;2024-10-31 20:00;19.0
354170120;B00714A;2024-10-31 23:00;18.0
353140205;B00714A;2024-10-31 13:00;11.0
353140205;B00714A;2024-10-31 20:00;10.0
353140200;B00714A;2024-10-30 10:00;9.0
353140200;B00714A;2024-10-30 11:00;8.0
353140200;B00714A;2024-10-30 12:00;9.0
353140200;B00714A;2024-10-31 11:00;11.0
353140200;B00714A;2024-10-31 12:00;10.0
353140200;B00714A;2024-10-31 13:00;9.0
353140200;B00714A;2024-10-31 14:00;12.0
353140200;B00714A;2024-10-31 15:00;11.0
353140200;B00714A;2024-10-31 16:00;9.0
353140200;B00714A;2024-10-31 17:00;11.0
353140200;B00714A;2024-10-31 18:00;10.0
353140200;B00714A;2024-10-31 19:00;9.0
353140200;B00714A;2024-10-31 21:00;11.0
353140200;B00714A;2024-10-31 22:00;10.0
353140200;B00714A;2024-10-31 23:00;11.0
354160115;B00714A;2024-10-30 02:00;12.0
354160115;B00714A;2024-10-30 05:00;12.0
354160115;B00714A;2024-10-30 07:00;13.0
354160115;B00714A;2024-10-30 11:00;12.0
354160115;B00714A;2024-10-30 12:00;14.0
354160115;B00714A;2024-10-30 13:00;15.0
354160115;B00714A;2024-10-30 14:00;14.0
354160115;B00714A;2024-10-30 15:00;15.0
354160115;B00714A;2024-10-30 23:00;12.0
354160115;B00714A;2024-10-31 06:00;12.0
354160115;B00714A;2024-10-31 08:00;13.0
354160115;B00714A;2024-10-31 09:00;14.0
354160115;B00714A;2024-10-31 10:00;13.0
354160115;B00714A;2024-10-31 11:00;12.0
354160115;B00714A;2024-10-31 12:00;14.0
354160115;B00714A;2024-10-31 13:00;14.0
354160115;B00714A;2024-10-31 14:00;15.0
354160115;B00714A;2024-10-31 15:00;19.0
354160115;B00714A;2024-10-31 16:00;18.0
354160115;B00714A;2024-10-31 17:00;14.0
354160115;B00714A;2024-10-31 18:00;16.0
354160115;B00714A;2024-10-31 19:00;17.0
354160115;B00714A;2024-10-31 20:00;17.0
354160115;B00714A;2024-10-31 21:00;16.0
354160115;B00714A;2024-10-31 22:00;16.0
354160115;B00714A;2024-10-31 23:00;16.0
350190550;B00714A;2024-10-31 10:00;9.0
350190550;B00714A;2024-10-31 13:00;8.0
353210280;B00714A;2024-10-28 00:00;11.0
353210280;B00714A;2024-10-28 06:00;8.0
353210280;B00714A;2024-10-30 11:00;9.0
353210280;B00714A;2024-10-30 12:00;9.0
353210280;B00714A;2024-10-30 16:00;11.0
353210280;B00714A;2024-10-30 17:00;10.0
353210280;B00714A;2024-10-30 18:00;12.0
353210280;B00714A;2024-10-31 10:00;9.0
353210280;B00714A;2024-10-31 11:00;10.0
353210280;B00714A;2024-10-31 12:00;10.0
353210280;B00714A;2024-10-31 13:00;10.0
353210280;B00714A;2024-10-31 18:00;9.0
353210280;B00714A;2024-10-31 20:00;13.0
353210280;B00714A;2024-10-31 21:00;13.0
353210280;B00714A;2024-10-31 22:00;12.0
353210280;B00714A;2024-10-31 23:00;15.0
354220195;B00714A;2024-10-30 14:00;11.0
354220195;B00714A;2024-10-30 16:00;11.0
354220195;B00714A;2024-10-30 18:00;11.0
354220195;B00714A;2024-10-31 19:00;12.0
354220195;B00714A;2024-10-31 20:00;12.0
354220195;B00714A;2024-10-31 22:00;13.0
354220195;B00714A;2024-10-31 23:00;12.0
352150300;B00714A;2024-10-31 13:00;9.0
352150300;B00714A;2024-10-31 14:00;9.0
352180345;B00714A;2024-10-31 18:00;12.0
353160230;B00714A;2024-10-31 18:00;9.0
353160230;B00714A;2024-10-31 21:00;9.0
353170235;B00714A;2024-10-30 11:00;10.0
353170235;B00714A;2024-10-30 13:00;9.0
353170235;B00714A;2024-10-30 15:00;9.0
353170235;B00714A;2024-10-30 16:00;8.0
353170235;B00714A;2024-10-30 17:00;10.0
353170235;B00714A;2024-10-31 16:00;10.0
353170235;B00714A;2024-10-31 19:00;13.0
353170235;B00714A;2024-10-31 20:00;10.0
353170235;B00714A;2024-10-31 21:00;11.0
353170235;B00714A;2024-10-31 22:00;10.0
353170235;B00714A;2024-10-31 23:00;13.0
354160105;B00714A;2024-10-27 11:00;8.0
354160105;B00714A;2024-10-30 10:00;10.0
354160105;B00714A;2024-10-31 12:00;9.0
354160105;B00714A;2024-10-31 14:00;11.0
354160105;B00714A;2024-10-31 15:00;12.0
354160105;B00714A;2024-10-31 17:00;12.0
354160105;B00714A;2024-10-31 19:00;11.0
352200375;B00714A;2024-10-30 10:00;11.0
352200375;B00714A;2024-10-31 15:00;10.0
352200375;B00714A;2024-10-31 21:00;11.0
352200375;B00714A;2024-10-31 22:00;12.0
352200375;B00714A;2024-10-31 23:00;10.0
350150510;B00714A;2024-10-28 10:00;15.0
350150510;B00714A;2024-10-28 11:00;13.0
350150510;B00714A;2024-10-28 13:00;18.0
350150510;B00714A;2024-10-28 14:00;18.0
350150510;B00714A;2024-10-28 17:00;19.0
350150510;B00714A;2024-10-28 18:00;17.0
350150510;B00714A;2024-10-28 19:00;19.0
350150510;B00714A;2024-10-28 20:00;13.0
350150510;B00714A;2024-10-28 21:00;15.0
351150400;B00714A;2024-10-27 15:00;8.0
351150400;B00714A;2024-10-27 16:00;9.0
351150400;B00714A;2024-10-31 11:00;8.0
351150400;B00714A;2024-10-31 20:00;9.0
354180155;B00714A;2024-10-30 10:00;11.0
354180155;B00714A;2024-10-30 17:00;11.0
354180155;B00714A;2024-10-31 11:00;13.0
354180155;B00714A;2024-10-31 14:00;12.0
354180155;B00714A;2024-10-31 16:00;12.0
354180155;B00714A;2024-10-31 17:00;14.0
354180155;B00714A;2024-10-31 18:00;13.0
354180155;B00714A;2024-10-31 19:00;14.0
354180155;B00714A;2024-10-31 21:00;13.0
354180155;B00714A;2024-10-31 22:00;13.0
354180155;B00714A;2024-10-31 23:00;14.0
349200628;B00714A;2024-10-26 18:00;11.0
349200628;B00714A;2024-10-26 19:00;11.0
349200628;B00714A;2024-10-26 20:00;10.0
349200628;B00714A;2024-10-26 21:00;9.0
349200628;B00714A;2024-10-26 22:00;11.0
349200628;B00714A;2024-10-26 23:00;11.0
349200628;B00714A;2024-10-27 00:00;13.0
349200628;B00714A;2024-10-27 01:00;15.0
349200628;B00714A;2024-10-27 02:00;15.0
349200628;B00714A;2024-10-27 03:00;17.0
349200628;B00714A;2024-10-27 04:00;16.0
349200628;B00714A;2024-10-27 05:00;18.0
349200628;B00714A;2024-10-27 06:00;16.0
349200628;B00714A;2024-10-27 07:00;16.0
349200628;B00714A;2024-10-27 08:00;14.0
349200628;B00714A;2024-10-27 09:00;15.0
349200628;B00714A;2024-10-27 10:00;12.0
349200628;B00714A;2024-10-30 12:00;8.0
